Id,Calories,ActivityDate,TotalSteps,SedentaryMinutes,LightlyActiveMinutes,FairlyActiveMinutes,VeryActiveMinutes,SedentaryActiveDistance,LightActiveDistance,ModeratelyActiveDistance,VeryActiveDistance
1503960366,1985,4/12/2016,13162,728,328,13,25,0,6.05999994277954,0.550000011920929,1.87999999523163
1503960366,1797,4/13/2016,10735,776,217,19,21,0,4.71000003814697,0.689999997615814,1.57000005245209
1503960366,1776,4/14/2016,10460,1218,181,11,30,0,3.91000008583069,0.400000005960464,2.44000005722046
1503960366,1745,4/15/2016,9762,726,209,34,29,0,2.82999992370605,1.25999999046326,2.14000010490417
1503960366,1863,4/16/2016,12669,773,221,10,36,0,5.03999996185303,0.409999996423721,2.71000003814697
1503960366,1728,4/17/2016,9705,539,164,20,38,0,2.50999999046326,0.779999971389771,3.19000005722046
1503960366,1921,4/18/2016,13019,1149,233,16,42,0,4.71000003814697,0.639999985694885,3.25
1503960366,2035,4/19/2016,15506,775,264,31,50,0,5.03000020980835,1.32000005245209,3.52999997138977
1503960366,1786,4/20/2016,10544,818,205,12,28,0,4.23999977111816,0.479999989271164,1.96000003814697
1503960366,1775,4/21/2016,9819,838,211,8,19,0,4.65000009536743,0.349999994039536,1.3400000333786
1503960366,1827,4/22/2016,12764,1217,130,27,66,0,2.24000000953674,1.12000000476837,4.76000022888184
1503960366,1949,4/23/2016,14371,732,262,21,41,0,5.3600001335144,0.870000004768372,2.80999994277954
1503960366,1788,4/24/2016,10039,709,238,5,39,0,3.27999997138977,0.209999993443489,2.92000007629395
1503960366,2013,4/25/2016,15355,814,216,14,73,0,3.94000005722046,0.569999992847443,5.28999996185303
1503960366,1970,4/26/2016,13755,833,279,23,31,0,5.53999996185303,0.920000016689301,2.32999992370605
1503960366,2159,4/27/2016,18134,1108,243,11,78,0,5.40999984741211,0.409999996423721,6.40000009536743
1503960366,1898,4/28/2016,13154,782,189,28,48,0,3.78999996185303,1.1599999666214,3.53999996185303
1503960366,1837,4/29/2016,11181,815,243,12,16,0,5.57999992370605,0.5,1.05999994277954
1503960366,1947,4/30/2016,14673,712,217,34,52,0,4.26999998092651,1.41999995708466,3.55999994277954
1503960366,1820,5/1/2016,10602,730,246,35,33,0,2.92000007629395,1.60000002384186,2.28999996185303
1503960366,2004,5/2/2016,14727,798,277,15,41,0,5.92000007629395,0.569999992847443,3.21000003814697
1503960366,1990,5/3/2016,15103,816,254,24,50,0,4.88000011444092,1.04999995231628,3.73000001907349
1503960366,1819,5/4/2016,11100,1179,203,22,36,0,3.8199999332428,0.870000004768372,2.46000003814697
1503960366,1959,5/5/2016,14070,857,250,24,45,0,4.88000011444092,1.08000004291534,2.92000007629395
1503960366,1896,5/6/2016,12159,754,289,6,24,0,5.80999994277954,0.25,1.97000002861023
1503960366,1821,5/7/2016,11992,833,175,46,37,0,3.13000011444092,2.11999988555908,2.46000003814697
1503960366,1740,5/8/2016,10060,574,203,8,44,0,2.73000001907349,0.319999992847443,3.52999997138977
1503960366,1819,5/9/2016,12022,835,206,11,46,0,3.74000000953674,0.529999971389771,3.45000004768372
1503960366,1859,5/10/2016,12207,746,214,31,46,0,3.25999999046326,1.1599999666214,3.34999990463257
1503960366,1783,5/11/2016,12770,669,251,23,36,0,4.55000019073486,1.00999999046326,2.55999994277954
1503960366,0,5/12/2016,0,1440,0,0,0,0,0,0,0
1624580081,1432,4/12/2016,8163,1294,146,0,0,0,5.30999994277954,0,0
1624580081,1411,4/13/2016,7007,1292,148,0,0,0,4.55000019073486,0,0
1624580081,1572,4/14/2016,9107,1204,236,0,0,0,5.90999984741211,0,0
1624580081,1344,4/15/2016,1510,1344,96,0,0,0,0.970000028610229,0,0
1624580081,1463,4/16/2016,5370,1264,176,0,0,0,3.49000000953674,0,0
1624580081,1554,4/17/2016,6175,1276,127,22,15,0,1.49000000953674,1.51999998092651,1.02999997138977
1624580081,1604,4/18/2016,10536,1214,202,7,17,0,4.61999988555908,0.620000004768372,2.15000009536743
1624580081,1435,4/19/2016,2916,1299,141,0,0,0,1.89999997615814,0,0
1624580081,1446,4/20/2016,4974,1289,151,0,0,0,3.23000001907349,0,0
1624580081,1467,4/21/2016,6349,1254,186,0,0,0,4.1100001335144,0,0
1624580081,1470,4/22/2016,4026,1241,199,0,0,0,2.59999990463257,0,0
1624580081,1562,4/23/2016,8538,1213,227,0,0,0,5.53999996185303,0,0
1624580081,1617,4/24/2016,6076,1221,185,18,16,0,1.88999998569489,0.910000026226044,1.14999997615814
1624580081,1492,4/25/2016,6497,1238,202,0,0,0,4.19999980926514,0,0
1624580081,1402,4/26/2016,2826,1300,140,0,0,0,1.83000004291534,0,0
1624580081,1670,4/27/2016,8367,1233,154,36,17,0,2.46000003814697,1.87000000476837,1.11000001430511
1624580081,1401,4/28/2016,2759,1320,115,5,0,0,1.60000002384186,0.200000002980232,0
1624580081,1404,4/29/2016,2390,1290,150,0,0,0,1.54999995231628,0,0
1624580081,1655,4/30/2016,6474,1182,224,23,11,0,2.11999988555908,1.27999997138977,0.899999976158142
1624580081,2690,5/1/2016,36019,1020,171,63,186,0,1.9099999666214,4.19000005722046,21.9200000762939
1624580081,1497,5/2/2016,7155,1261,166,6,7,0,3.47000002861023,0.589999973773956,0.860000014305115
1624580081,1334,5/3/2016,2100,1344,96,0,0,0,1.3400000333786,0,0
1624580081,1368,5/4/2016,2193,1322,118,0,0,0,1.41999995708466,0,0
1624580081,1370,5/5/2016,2470,1323,117,0,0,0,1.58000004291534,0,0
1624580081,1341,5/6/2016,1727,1338,102,0,0,0,1.12000000476837,0,0
1624580081,1474,5/7/2016,2104,1258,182,0,0,0,1.37000000476837,0,0
1624580081,1427,5/8/2016,3427,1288,152,0,0,0,2.22000002861023,0,0
1624580081,1328,5/9/2016,1732,1349,91,0,0,0,1.12999999523163,0,0
1624580081,1393,5/10/2016,2969,1301,139,0,0,0,1.91999995708466,0,0
1624580081,1359,5/11/2016,3134,1328,112,0,0,0,2.03999996185303,0,0
1624580081,1002,5/12/2016,2971,890,107,0,0,0,1.91999995708466,0,0
1644430081,3199,4/12/2016,10694,1131,256,51,2,0,5.32999992370605,2.29999995231628,0.140000000596046
1644430081,2902,4/13/2016,8001,1259,135,16,30,0,2.64000010490417,0.899999976158142,2.27999997138977
1644430081,3226,4/14/2016,11037,1125,252,58,5,0,5.09999990463257,2.55999994277954,0.360000014305115
1644430081,2750,4/15/2016,5263,1263,170,4,3,0,3.45000004768372,0.150000005960464,0.219999998807907
1644430081,3493,4/16/2016,15300,1135,212,42,51,0,5.09000015258789,1.87999999523163,4.09999990463257
1644430081,3011,4/17/2016,8757,1212,186,13,29,0,3.54999995231628,0.569999992847443,2.25
1644430081,2806,4/18/2016,7132,1271,121,33,15,0,2.45000004768372,1.66999995708466,1.07000005245209
1644430081,3300,4/19/2016,11256,1099,278,58,5,0,5.30000019073486,2.52999997138977,0.360000014305115
1644430081,2430,4/20/2016,2436,1315,125,0,0,0,1.75999999046326,0,0
1644430081,2140,4/21/2016,1223,1402,38,0,0,0,0.879999995231628,0,0
1644430081,2344,4/22/2016,3673,1354,86,0,0,0,2.66000008583069,0,0
1644430081,2677,4/23/2016,6637,1265,160,15,0,0,4.25,0.579999983310699,0
1644430081,2413,4/24/2016,3321,1351,89,0,0,0,2.41000008583069,0,0
1644430081,2497,4/25/2016,3580,1337,94,1,8,0,1.95000004768372,0.0599999986588955,0.589999973773956
1644430081,3123,4/26/2016,9919,1165,223,41,11,0,4.69000005722046,1.72000002861023,0.800000011920929
1644430081,2489,4/27/2016,3032,1322,118,0,0,0,2.20000004768372,0,0
1644430081,3108,4/28/2016,9405,1157,227,53,3,0,4.30999994277954,2.3199999332428,0.200000002980232
1644430081,2498,4/29/2016,3176,1193,120,0,0,0,2.30999994277954,0,0
1644430081,3846,4/30/2016,18213,816,402,71,9,0,9.46000003814697,3.14000010490417,0.629999995231628
1644430081,2696,5/1/2016,6132,908,146,24,3,0,3.23000001907349,0.990000009536743,0.239999994635582
1644430081,2580,5/2/2016,3758,682,148,7,1,0,2.34999990463257,0.310000002384186,0.0700000002980232
1644430081,3324,5/3/2016,12850,1115,221,94,10,0,4.53999996185303,4.09000015258789,0.720000028610229
1644430081,2222,5/4/2016,2309,1388,52,0,0,0,1.6599999666214,0,0
1644430081,2463,5/5/2016,4363,1341,81,12,6,0,2.13000011444092,0.540000021457672,0.519999980926514
1644430081,3328,5/6/2016,9787,1054,369,6,11,0,6.01000022888184,0.270000010728836,0.819999992847443
1644430081,3404,5/7/2016,13372,1139,243,17,41,0,5.67000007629395,0.790000021457672,3.25999999046326
1644430081,2987,5/8/2016,6724,991,295,0,0,0,4.88000011444092,0,0
1644430081,3008,5/9/2016,6643,1099,303,6,32,0,2.08999991416931,0.349999994039536,2.39000010490417
1644430081,2799,5/10/2016,9167,1254,155,19,12,0,4.96999979019165,0.810000002384186,0.879999995231628
1644430081,1276,5/11/2016,1329,713,49,0,0,0,0.949999988079071,0,0
1844505072,2030,4/12/2016,6697,1101,339,0,0,0,4.42999982833862,0,0
1844505072,1860,4/13/2016,4929,1192,248,0,0,0,3.25999999046326,0,0
1844505072,2130,4/14/2016,7937,843,373,0,0,0,5.23000001907349,0,0
1844505072,1725,4/15/2016,3844,527,176,0,0,0,2.53999996185303,0,0
1844505072,1657,4/16/2016,3414,1293,147,0,0,0,2.25999999046326,0,0
1844505072,1793,4/17/2016,4525,1231,199,8,2,0,2.58999991416931,0.259999990463257,0.140000000596046
1844505072,1814,4/18/2016,4597,1211,217,12,0,0,2.55999994277954,0.479999989271164,0
1844505072,1366,4/19/2016,197,1430,10,0,0,0,0.129999995231628,0,0
1844505072,1349,4/20/2016,8,1439,1,0,0,0,0.00999999977648258,0,0
1844505072,2062,4/21/2016,8054,1117,308,13,2,0,4.67999982833862,0.519999980926514,0.119999997317791
1844505072,1827,4/22/2016,5372,1220,220,0,0,0,3.54999995231628,0,0
1844505072,1645,4/23/2016,3570,1301,139,0,0,0,2.35999989509583,0,0
1844505072,1347,4/24/2016,0,1440,0,0,0,0,0,0,0
1844505072,1347,4/25/2016,0,1440,0,0,0,0,0,0,0
1844505072,1347,4/26/2016,0,1440,0,0,0,0,0,0,0
1844505072,1348,4/27/2016,4,1439,1,0,0,0,0,0,0
1844505072,1992,4/28/2016,6907,1138,302,0,0,0,4.55999994277954,0,0
1844505072,1856,4/29/2016,4920,1082,247,0,0,0,3.25,0,0
1844505072,1763,4/30/2016,4014,218,184,0,0,0,2.65000009536743,0,0
1844505072,1541,5/1/2016,2573,585,75,7,0,0,1.45000004768372,0.259999990463257,0
1844505072,1348,5/2/2016,0,1440,0,0,0,0,0,0,0
1844505072,1742,5/3/2016,4059,1256,184,0,0,0,2.6800000667572,0,0
1844505072,1549,5/4/2016,2080,1353,87,0,0,0,1.37000000476837,0,0
1844505072,1589,5/5/2016,2237,1320,120,0,0,0,1.48000001907349,0,0
1844505072,1351,5/6/2016,44,1438,2,0,0,0,0.0299999993294477,0,0
1844505072,1347,5/7/2016,0,1440,0,0,0,0,0,0,0
1844505072,1347,5/8/2016,0,1440,0,0,0,0,0,0,0
1844505072,1347,5/9/2016,0,1440,0,0,0,0,0,0,0
1844505072,1347,5/10/2016,0,1440,0,0,0,0,0,0,0
1844505072,1347,5/11/2016,0,1440,0,0,0,0,0,0,0
1844505072,665,5/12/2016,0,711,0,0,0,0,0,0,0
1927972279,2220,4/12/2016,678,734,55,0,0,0,0.469999998807907,0,0
1927972279,2151,4/13/2016,356,986,32,0,0,0,0.25,0,0
1927972279,2383,4/14/2016,2163,1292,88,9,0,0,1.10000002384186,0.400000005960464,0
1927972279,2221,4/15/2016,980,941,51,0,0,0,0.680000007152557,0,0
1927972279,2064,4/16/2016,0,1440,0,0,0,0,0,0,0
1927972279,2063,4/17/2016,0,1440,0,0,0,0,0,0,0
1927972279,2111,4/18/2016,244,1423,17,0,0,0,0.170000001788139,0,0
1927972279,2063,4/19/2016,0,1440,0,0,0,0,0,0,0
1927972279,2063,4/20/2016,0,1440,0,0,0,0,0,0,0
1927972279,2064,4/21/2016,0,1440,0,0,0,0,0,0,0
1927972279,2093,4/22/2016,149,1430,10,0,0,0,0.100000001490116,0,0
1927972279,2499,4/23/2016,2945,1295,145,0,0,0,2.03999996185303,0,0
1927972279,2324,4/24/2016,2090,1358,75,6,1,0,1.13999998569489,0.239999994635582,0.0700000002980232
1927972279,2100,4/25/2016,152,1303,12,0,0,0,0.109999999403954,0,0
1927972279,2638,4/26/2016,3761,1058,192,0,0,0,2.59999990463257,0,0
1927972279,2063,4/27/2016,0,1440,0,0,0,0,0,0,0
1927972279,2351,4/28/2016,1675,1167,95,0,0,0,1.1599999666214,0,0
1927972279,2063,4/29/2016,0,1440,0,0,0,0,0,0,0
1927972279,2064,4/30/2016,0,1440,0,0,0,0,0,0,0
1927972279,2411,5/1/2016,2704,1355,70,1,14,0,0.829999983310699,0.0299999993294477,1.00999999046326
1927972279,2505,5/2/2016,3790,1322,94,8,16,0,1.1599999666214,0.300000011920929,1.1599999666214
1927972279,2195,5/3/2016,1326,1413,17,0,10,0,0.180000007152557,0,0.730000019073486
1927972279,2338,5/4/2016,1786,1353,87,0,0,0,1.24000000953674,0,0
1927972279,2063,5/5/2016,0,1440,0,0,0,0,0,0,0
1927972279,2383,5/6/2016,2091,1332,108,0,0,0,1.45000004768372,0,0
1927972279,2229,5/7/2016,1510,1392,48,0,0,0,1.03999996185303,0,0
1927972279,2063,5/8/2016,0,1440,0,0,0,0,0,0,0
1927972279,2063,5/9/2016,0,1440,0,0,0,0,0,0,0
1927972279,2063,5/10/2016,0,1440,0,0,0,0,0,0,0
1927972279,2063,5/11/2016,0,1440,0,0,0,0,0,0,0
1927972279,1383,5/12/2016,0,966,0,0,0,0,0,0,0
2022484408,2390,4/12/2016,11875,1157,227,14,42,0,4.26000022888184,0.769999980926514,3.30999994277954
2022484408,2601,4/13/2016,12024,1100,292,5,43,0,5.40999984741211,0.100000001490116,2.99000000953674
2022484408,2312,4/14/2016,10690,1148,257,3,32,0,4.82000017166138,0.209999993443489,2.48000001907349
2022484408,2525,4/15/2016,11034,1122,282,9,27,0,5.78000020980835,0.310000002384186,1.94000005722046
2022484408,2177,4/16/2016,10100,1237,151,11,41,0,3.39000010490417,0.550000011920929,3.15000009536743
2022484408,2782,4/17/2016,15112,1052,331,29,28,0,6.88000011444092,0.660000026226044,3.86999988555908
2022484408,2770,4/18/2016,14131,1078,311,3,48,0,6.30000019073486,0.119999997317791,3.64000010490417
2022484408,2489,4/19/2016,11548,1152,250,7,31,0,5,0.239999994635582,3.28999996185303
2022484408,2897,4/20/2016,15112,1053,276,63,48,0,5.40000009536743,1.92999994754791,3.33999991416931
2022484408,3158,4/21/2016,12453,1028,255,53,104,0,4.30999994277954,1.11000001430511,3.32999992370605
2022484408,2638,4/22/2016,12954,1105,273,10,52,0,4.46999979019165,0.419999986886978,4.42999982833862
2022484408,2069,4/23/2016,6001,1191,249,0,0,0,4.21000003814697,0,0
2022484408,2529,4/24/2016,13481,1161,216,26,37,0,4.57999992370605,1.14999997615814,4.55000019073486
2022484408,2470,4/25/2016,11369,1171,217,8,44,0,4.46000003814697,0.219999998807907,3.32999992370605
2022484408,2793,4/26/2016,10119,1086,275,24,55,0,5.1100001335144,0.660000026226044,1.42999994754791
2022484408,2463,4/27/2016,10159,1119,282,20,19,0,5.11999988555908,0.970000028610229,1.03999996185303
2022484408,2296,4/28/2016,10140,1123,291,20,6,0,5.3899998664856,1.33000004291534,0.409999996423721
2022484408,2611,4/29/2016,10245,1098,281,40,21,0,5.5,1.21000003814697,0.479999989271164
2022484408,2732,4/30/2016,18387,1043,361,23,13,0,10.5699996948242,1.39999997615814,0.939999997615814
2022484408,2380,5/1/2016,10538,1142,245,28,25,0,4.5,0.959999978542328,1.94000005722046
2022484408,2473,5/2/2016,10379,1119,277,8,36,0,4.32999992370605,0.340000003576279,2.60999989509583
2022484408,2752,5/3/2016,12183,1104,250,14,72,0,4.28000020980835,0.46000000834465,3.99000000953674
2022484408,2649,5/4/2016,11768,1105,272,27,36,0,4.84999990463257,0.930000007152557,2.50999999046326
2022484408,2609,5/5/2016,11895,1112,253,20,55,0,4.69999980926514,0.860000014305115,2.78999996185303
2022484408,2498,5/6/2016,10227,1104,295,17,24,0,4.6399998664856,0.670000016689301,1.87000000476837
2022484408,1995,5/7/2016,6708,1269,149,2,20,0,3.01999998092651,0.0799999982118607,1.61000001430511
2022484408,1848,5/8/2016,3292,1305,135,0,0,0,2.30999994277954,0,0
2022484408,2709,5/9/2016,13379,1061,297,47,35,0,5.6399998664856,1.62999999523163,2.11999988555908
2022484408,2797,5/10/2016,12798,1084,271,28,57,0,5.55999994277954,1.21000003814697,2.22000002861023
2022484408,2544,5/11/2016,13272,1133,224,25,58,0,3.99000000953674,1.14999997615814,4.17999982833862
2022484408,1853,5/12/2016,9117,728,236,16,16,0,4.44000005722046,0.670000016689301,1.27999997138977
2026352035,1459,4/12/2016,4414,706,181,8,3,0,2.20000004768372,0.349999994039536,0.189999997615814
2026352035,1521,4/13/2016,4993,663,238,0,0,0,3.09999990463257,0,0
2026352035,1431,4/14/2016,3335,653,197,0,0,0,2.04999995231628,0,0
2026352035,1444,4/15/2016,3821,687,188,0,0,0,2.36999988555908,0,0
2026352035,1373,4/16/2016,2547,728,150,0,0,0,1.58000004291534,0,0
2026352035,1214,4/17/2016,838,1053,60,0,0,0,0.519999980926514,0,0
2026352035,1419,4/18/2016,3325,1062,182,0,0,0,2.05999994277954,0,0
2026352035,1356,4/19/2016,2424,785,141,0,0,0,1.5,0,0
2026352035,1667,4/20/2016,7222,623,327,0,0,0,4.48000001907349,0,0
2026352035,1370,4/21/2016,2467,749,153,0,0,0,1.52999997138977,0,0
2026352035,1399,4/22/2016,2915,712,162,0,0,0,1.80999994277954,0,0
2026352035,1916,4/23/2016,12357,458,432,0,0,0,7.71000003814697,0,0
2026352035,1401,4/24/2016,3490,704,164,0,0,0,2.16000008583069,0,0
2026352035,1576,4/25/2016,6017,821,260,0,0,0,3.73000001907349,0,0
2026352035,1595,4/26/2016,5933,1018,288,0,0,0,3.6800000667572,0,0
2026352035,1593,4/27/2016,6088,586,286,0,0,0,3.76999998092651,0,0
2026352035,1649,4/28/2016,6375,626,331,0,0,0,3.95000004768372,0,0
2026352035,1692,4/29/2016,7604,492,352,0,0,0,4.71000003814697,0,0
2026352035,1506,4/30/2016,4729,594,233,0,0,0,2.9300000667572,0,0
2026352035,1447,5/1/2016,3609,716,191,0,0,0,2.27999997138977,0,0
2026352035,1690,5/2/2016,7018,716,355,0,0,0,4.34999990463257,0,0
2026352035,1604,5/3/2016,5992,981,304,0,0,0,3.72000002861023,0,0
2026352035,1658,5/4/2016,6564,530,345,0,0,0,4.07000017166138,0,0
2026352035,1926,5/5/2016,12167,479,475,0,0,0,7.53999996185303,0,0
2026352035,1736,5/6/2016,8198,511,383,0,0,0,5.07999992370605,0,0
2026352035,1491,5/7/2016,4193,665,229,0,0,0,2.59999990463257,0,0
2026352035,1555,5/8/2016,5528,610,258,0,0,0,3.45000004768372,0,0
2026352035,1869,5/9/2016,10685,543,401,0,0,0,6.59999990463257,0,0
2026352035,1141,5/10/2016,254,1002,17,0,0,0,0.159999996423721,0,0
2026352035,1698,5/11/2016,8580,569,330,0,0,0,5.32000017166138,0,0
2026352035,1364,5/12/2016,8891,330,343,0,0,0,5.51000022888184,0,0
2320127002,2124,4/12/2016,10725,1112,306,9,13,0,6.01000022888184,0.310000002384186,1.16999995708466
2320127002,2003,4/13/2016,7275,1105,335,0,0,0,4.90000009536743,0,0
2320127002,1696,4/14/2016,3973,1249,191,0,0,0,2.6800000667572,0,0
2320127002,1801,4/15/2016,5205,1195,245,0,0,0,3.50999999046326,0,0
2320127002,1724,4/16/2016,5057,1245,195,0,0,0,3.40000009536743,0,0
2320127002,1852,4/17/2016,6198,1191,249,0,0,0,4.17999982833862,0,0
2320127002,1905,4/18/2016,6559,1173,260,7,0,0,4.1399998664856,0.259999990463257,0
2320127002,1811,4/19/2016,5997,1201,228,11,0,0,3.66000008583069,0.379999995231628,0
2320127002,1922,4/20/2016,7192,1146,283,11,0,0,4.34000015258789,0.490000009536743,0
2320127002,1610,4/21/2016,3404,1302,127,10,1,0,1.80999994277954,0.419999986886978,0.0599999986588955
2320127002,1851,4/22/2016,5583,1174,266,0,0,0,3.75999999046326,0,0
2320127002,1804,4/23/2016,5079,1129,242,0,0,0,3.42000007629395,0,0
2320127002,1725,4/24/2016,4165,1236,204,0,0,0,2.79999995231628,0,0
2320127002,1654,4/25/2016,3588,1280,152,5,3,0,1.99000000953674,0.200000002980232,0.230000004172325
2320127002,1632,4/26/2016,3409,1293,147,0,0,0,2.29999995231628,0,0
2320127002,1481,4/27/2016,1715,1358,82,0,0,0,1.1599999666214,0,0
2320127002,1473,4/28/2016,1532,1364,76,0,0,0,1.02999997138977,0,0
2320127002,1410,4/29/2016,924,1395,45,0,0,0,0.620000004768372,0,0
2320127002,1779,4/30/2016,4571,1206,234,0,0,0,3.0699999332428,0,0
2320127002,1403,5/1/2016,772,1400,40,0,0,0,0.519999980926514,0,0
2320127002,1613,5/2/2016,3634,1306,123,6,5,0,1.87999999523163,0.209999993443489,0.360000014305115
2320127002,1878,5/3/2016,7443,1204,206,10,20,0,3.16000008583069,0.370000004768372,1.49000000953674
2320127002,1426,5/4/2016,1201,1388,52,0,0,0,0.810000002384186,0,0
2320127002,1780,5/5/2016,5202,1206,223,11,0,0,3.10999989509583,0.389999985694885,0
2320127002,1742,5/6/2016,4878,1236,204,0,0,0,3.28999996185303,0,0
2320127002,1972,5/7/2016,7379,1121,319,0,0,0,4.96999979019165,0,0
2320127002,1821,5/8/2016,5161,1193,247,0,0,0,3.47000002861023,0,0
2320127002,1630,5/9/2016,3090,1295,145,0,0,0,2.07999992370605,0,0
2320127002,1899,5/10/2016,6227,1150,290,0,0,0,4.19999980926514,0,0
2320127002,1903,5/11/2016,6424,1140,300,0,0,0,4.32999992370605,0,0
2320127002,1125,5/12/2016,2661,830,128,0,0,0,1.78999996185303,0,0
2347167796,2344,4/12/2016,10113,964,320,13,28,0,4.19999980926514,0.620000004768372,2
2347167796,2038,4/13/2016,10352,676,195,32,19,0,3.41000008583069,1.94000005722046,1.6599999666214
2347167796,2010,4/14/2016,10129,705,206,48,1,0,3.94000005722046,2.74000000953674,0.0199999995529652
2347167796,2133,4/15/2016,10465,720,284,24,1,0,5.42999982833862,1.41999995708466,0.0700000002980232
2347167796,2670,4/16/2016,22244,968,268,72,66,0,5.53000020980835,4.09999990463257,5.44999980926514
2347167796,1882,4/17/2016,5472,508,249,7,1,0,3.25999999046326,0.280000001192093,0.0799999982118607
2347167796,1944,4/18/2016,8247,678,206,16,11,0,3.78999996185303,0.860000014305115,0.790000021457672
2347167796,2346,4/19/2016,6711,648,382,7,0,0,4.44000005722046,0,0
2347167796,2198,4/20/2016,10999,1011,269,43,11,0,4.78000020980835,1.80999994277954,0.680000007152557
2347167796,2048,4/21/2016,10080,761,208,26,23,0,3.38000011444092,1.52999997138977,1.85000002384186
2347167796,1946,4/22/2016,7804,781,206,27,9,0,2.92000007629395,1.67999994754791,0.560000002384186
2347167796,2629,4/23/2016,16901,591,360,35,32,0,7.15000009536743,1.45000004768372,2.77999997138977
2347167796,2187,4/24/2016,9471,584,360,0,0,0,6.26000022888184,0,0
2347167796,2095,4/25/2016,9482,653,277,11,15,0,4.59999990463257,0.519999980926514,1.26999998092651
2347167796,1861,4/26/2016,5980,732,227,0,0,0,3.95000004768372,0,0
2347167796,2194,4/27/2016,11423,623,295,9,26,0,5.32000017166138,0.400000005960464,1.86000001430511
2347167796,1854,4/28/2016,5439,764,229,0,0,0,3.59999990463257,0,0
2347167796,403,4/29/2016,42,2,4,0,0,0,0.0299999993294477,0,0
2873212765,1982,4/12/2016,8796,1061,356,21,2,0,4.88000011444092,0.930000007152557,0.109999999403954
2873212765,2004,4/13/2016,7618,1028,404,8,0,0,4.88000011444092,0.219999998807907,0
2873212765,1893,4/14/2016,7910,1109,331,0,0,0,5.32000017166138,0,0
2873212765,2063,4/15/2016,8482,992,448,0,0,0,5.69000005722046,0,0
2873212765,2148,4/16/2016,9685,1087,305,1,47,0,3.50999999046326,0.0199999995529652,3.10999989509583
2873212765,1529,4/17/2016,2524,1272,160,8,0,0,1.3400000333786,0.349999994039536,0
2873212765,1890,4/18/2016,7762,1122,311,6,1,0,4.8899998664856,0.280000001192093,0.0700000002980232
2873212765,1956,4/19/2016,7948,1051,389,0,0,0,5.3600001335144,0,0
2873212765,2094,4/20/2016,9202,1035,378,5,22,0,4.65999984741211,0.119999997317791,1.50999999046326
2873212765,1970,4/21/2016,8859,1057,371,10,2,0,5.46999979019165,0.370000004768372,0.129999995231628
2873212765,2241,4/22/2016,7286,1028,366,0,46,0,4.42000007629395,0,0.46000000834465
2873212765,2021,4/23/2016,9317,1077,330,5,28,0,4.01999998092651,0.230000004172325,2.08999991416931
2873212765,1898,4/24/2016,6873,1203,190,1,46,0,1.62000000476837,0.0599999986588955,3
2873212765,1907,4/25/2016,7373,1081,359,0,0,0,4.94999980926514,0,0
2873212765,1882,4/26/2016,8242,1124,309,5,2,0,5.23999977111816,0.180000007152557,0.119999997317791
2873212765,1966,4/27/2016,3516,1197,197,0,46,0,2.35999989509583,0,0
2873212765,1835,4/28/2016,7913,1192,213,7,28,0,2.91000008583069,0.340000003576279,2.16000008583069
2873212765,1780,4/29/2016,7365,1191,206,23,20,0,2.1800000667572,1.4099999666214,1.36000001430511
2873212765,1830,4/30/2016,8452,1167,248,20,5,0,4.26000022888184,1.08000004291534,0.330000013113022
2873212765,1739,5/1/2016,7399,1219,196,18,7,0,3.44000005722046,1.03999996185303,0.490000009536743
2873212765,1878,5/2/2016,7525,1099,334,7,0,0,4.82999992370605,0.209999993443489,0
2873212765,1906,5/3/2016,7412,1070,363,6,1,0,4.65999984741211,0.25,0.0599999986588955
2873212765,2015,5/4/2016,8278,1020,420,0,0,0,5.55999994277954,0,0
2873212765,1971,5/5/2016,8314,1093,311,23,13,0,4.03000020980835,0.800000011920929,0.779999971389771
2873212765,1910,5/6/2016,7063,1065,370,5,0,0,4.6100001335144,0.119999997317791,0
2873212765,1897,5/7/2016,4940,1302,52,11,75,0,0.550000011920929,0.550000011920929,2.27999997138977
2873212765,2096,5/8/2016,8168,1068,326,0,46,0,2.64000010490417,0,2.90000009536743
2873212765,1906,5/9/2016,7726,1095,345,0,0,0,5.19000005722046,0,0
2873212765,1962,5/10/2016,8275,1067,373,0,0,0,5.55000019073486,0,0
2873212765,1826,5/11/2016,6440,1121,319,0,0,0,4.32000017166138,0,0
2873212765,1431,5/12/2016,7566,720,268,0,0,0,5.1100001335144,0,0
3372868164,1788,4/12/2016,4747,1160,280,0,0,0,3.23000001907349,0,0
3372868164,2093,4/13/2016,9715,1045,371,8,16,0,5.26999998092651,0.340000003576279,0.990000009536743
3372868164,2065,4/14/2016,8844,1039,370,25,6,0,4.65000009536743,1.02999997138977,0.340000003576279
3372868164,1908,4/15/2016,7451,1105,335,0,0,0,5.05999994277954,0,0
3372868164,1908,4/16/2016,6905,1084,356,0,0,0,4.69999980926514,0,0
3372868164,1964,4/17/2016,8199,1105,322,2,11,0,4.3600001335144,0.100000001490116,1.4099999666214
3372868164,2014,4/18/2016,6798,1070,343,7,20,0,3.34999990463257,0.200000002980232,1.08000004291534
3372868164,1985,4/19/2016,7711,1064,376,0,0,0,5.23999977111816,0,0
3372868164,1867,4/20/2016,4880,1148,274,3,15,0,2.38000011444092,0.0900000035762787,0.839999973773956
3372868164,2124,4/21/2016,8857,1037,376,9,18,0,4.6399998664856,0.259999990463257,1.14999997615814
3372868164,1669,4/22/2016,3843,1234,206,0,0,0,2.60999989509583,0,0
3372868164,1995,4/23/2016,7396,1115,303,2,20,0,3.57999992370605,0.0799999982118607,1.39999997615814
3372868164,1921,4/24/2016,6731,1127,292,7,14,0,3.49000000953674,0.189999997615814,0.889999985694885
3372868164,2010,4/25/2016,5995,1024,416,0,0,0,4.09000015258789,0,0
3372868164,2057,4/26/2016,8283,1083,333,2,22,0,3.86999988555908,0.0500000007450581,1.85000002384186
3372868164,2095,4/27/2016,7904,1057,346,13,24,0,3.19000005722046,0.629999995231628,1.58000004291534
3372868164,1972,4/28/2016,5512,1055,385,0,0,0,3.75999999046326,0,0
3372868164,2044,4/29/2016,9135,1038,402,0,0,0,6.21999979019165,0,0
3372868164,1946,4/30/2016,5250,1119,300,4,17,0,2.42000007629395,0.0900000035762787,1.05999994277954
3372868164,1237,5/1/2016,3077,842,172,0,0,0,2.08999991416931,0,0
3977333714,1450,4/12/2016,8856,777,131,19,44,0,2.00999999046326,0.910000026226044,3.05999994277954
3977333714,1495,4/13/2016,10035,754,153,46,31,0,2.54999995231628,2.13000011444092,2.02999997138977
3977333714,1433,4/14/2016,7641,801,214,23,5,0,3.8199999332428,0.970000028610229,0.319999992847443
3977333714,1468,4/15/2016,9010,644,183,42,15,0,3.25999999046326,1.75,1.04999995231628
3977333714,1625,4/16/2016,13459,663,153,83,31,0,2.97000002861023,4,2.02999997138977
3977333714,1529,4/17/2016,10415,600,205,58,11,0,3.92000007629395,2.34999990463257,0.699999988079071
3977333714,1584,4/18/2016,11663,605,214,95,4,0,3.8199999332428,3.73000001907349,0.25
3977333714,1638,4/19/2016,12414,738,221,67,19,0,3.96000003814697,2.45000004768372,2.24000000953674
3977333714,1554,4/20/2016,11658,845,164,98,2,0,3.27999997138977,4.34999990463257,0.200000002980232
3977333714,1397,4/21/2016,6093,712,242,0,0,0,4.05999994277954,0,0
3977333714,1481,4/22/2016,8911,731,188,12,33,0,3.05999994277954,0.579999983310699,2.32999992370605
3977333714,1638,4/23/2016,12058,724,252,92,0,0,3.84999990463257,4.21999979019165,0
3977333714,1655,4/24/2016,14112,660,129,95,30,0,2.17000007629395,4.55999994277954,3.26999998092651
3977333714,1570,4/25/2016,11177,781,133,9,50,0,2.41000008583069,0.430000007152557,5.61999988555908
3977333714,1551,4/26/2016,11388,797,170,95,7,0,2.95000004768372,4.21999979019165,0.449999988079071
3977333714,1377,4/27/2016,7193,714,176,10,0,0,4.61999988555908,0.419999986886978,0
3977333714,1407,4/28/2016,7114,804,190,8,15,0,3.22000002861023,0.28999999165535,1.37000000476837
3977333714,1545,4/29/2016,10645,744,150,32,36,0,2.71000003814697,1.29999995231628,3.74000000953674
3977333714,1650,4/30/2016,13238,687,194,52,43,0,3.41000008583069,2.09999990463257,3.69000005722046
3977333714,1501,5/1/2016,10414,691,124,40,41,0,2.41000008583069,1.98000001907349,2.67000007629395
3977333714,1760,5/2/2016,16520,713,176,143,24,0,3.01999998092651,6.48000001907349,1.53999996185303
3977333714,1710,5/3/2016,14335,594,258,41,47,0,4.53000020980835,1.74000000953674,3.3199999332428
3977333714,1628,5/4/2016,13559,852,142,96,14,0,2.89000010490417,4.57999992370605,1.80999994277954
3977333714,1618,5/5/2016,12312,680,178,88,14,0,2.71000003814697,4.1100001335144,1.75999999046326
3977333714,1590,5/6/2016,11677,676,168,55,29,0,2.67000007629395,2.50999999046326,3.10999989509583
3977333714,1574,5/7/2016,11550,703,208,86,0,0,3.58999991416931,4.13000011444092,0
3977333714,1633,5/8/2016,13585,688,171,116,9,0,3.17000007629395,5.23999977111816,0.680000007152557
3977333714,1667,5/9/2016,14687,1159,151,122,8,0,3.54999995231628,5.59999990463257,0.769999980926514
3977333714,1630,5/10/2016,13072,676,196,115,1,0,3.30999994277954,5.40000009536743,0.0700000002980232
3977333714,52,5/11/2016,746,13,9,0,4,0,0.129999995231628,0,0.370000004768372
4020332650,3654,4/12/2016,8539,712,331,15,4,0,5.67999982833862,0.239999994635582,0.150000005960464
4020332650,1981,4/13/2016,0,1440,0,0,0,0,0,0,0
4020332650,2011,4/14/2016,108,1437,3,0,0,0,0.0299999993294477,0,0
4020332650,2951,4/15/2016,1882,1299,87,18,36,0,0.769999980926514,0.360000014305115,0.209999993443489
4020332650,3051,4/16/2016,1982,1222,55,21,65,0,0.589999973773956,0.370000004768372,0.449999988079071
4020332650,1990,4/17/2016,16,1438,2,0,0,0,0.00999999977648258,0,0
4020332650,1995,4/18/2016,62,1438,2,0,0,0,0.0399999991059303,0,0
4020332650,1980,4/19/2016,0,1440,0,0,0,0,0,0,0
4020332650,1980,4/20/2016,0,1440,0,0,0,0,0,0,0
4020332650,1980,4/21/2016,0,1440,0,0,0,0,0,0,0
4020332650,1980,4/22/2016,0,1440,0,0,0,0,0,0,0
4020332650,1980,4/23/2016,0,1440,0,0,0,0,0,0,0
4020332650,1980,4/24/2016,0,1440,0,0,0,0,0,0,0
4020332650,1980,4/25/2016,0,1440,0,0,0,0,0,0,0
4020332650,1980,4/26/2016,0,1440,0,0,0,0,0,0,0
4020332650,1980,4/27/2016,0,1440,0,0,0,0,0,0,0
4020332650,1980,4/28/2016,0,1440,0,0,0,0,0,0,0
4020332650,1980,4/29/2016,0,1440,0,0,0,0,0,0,0
4020332650,1980,4/30/2016,0,1440,0,0,0,0,0,0,0
4020332650,1980,5/1/2016,0,1440,0,0,0,0,0,0,0
4020332650,2207,5/2/2016,475,1350,31,11,0,0,0.28999999165535,0.0399999991059303,0
4020332650,2828,5/3/2016,4496,950,174,0,0,0,3.15000009536743,0,0
4020332650,3879,5/4/2016,10252,531,346,46,13,0,5.57999992370605,1.03999996185303,0.670000016689301
4020332650,3429,5/5/2016,11728,916,196,42,38,0,4.03999996185303,1.67999994754791,2.61999988555908
4020332650,2704,5/6/2016,4369,855,177,0,0,0,3.09999990463257,0,0
4020332650,2975,5/7/2016,6132,1256,184,0,0,0,3.57999992370605,0,0
4020332650,3089,5/8/2016,5862,775,263,0,0,0,4.15000009536743,0,0
4020332650,2785,5/9/2016,4556,1225,173,5,3,0,2.94000005722046,0.119999997317791,0.200000002980232
4020332650,2926,5/10/2016,5546,774,206,0,0,0,3.86999988555908,0,0
4020332650,2645,5/11/2016,3689,1296,134,8,2,0,2.32999992370605,0.170000001788139,0.109999999403954
4020332650,1120,5/12/2016,590,721,21,0,0,0,0.409999996423721,0,0
4057192912,2286,4/12/2016,5394,1276,164,0,0,0,3.94000005722046,0,0
4057192912,2306,4/13/2016,5974,1280,160,0,0,0,4.36999988555908,0,0
4057192912,1776,4/14/2016,0,1440,0,0,0,0,0,0,0
4057192912,1527,4/15/2016,3984,873,88,6,3,0,2.44000005722046,0.259999990463257,0.209999993443489
4319703577,2115,4/12/2016,7753,1440,0,0,0,0,0,0,0
4319703577,2135,4/13/2016,8204,1234,96,15,8,0,1.30999994277954,0.589999973773956,0.529999971389771
4319703577,2302,4/14/2016,10210,589,339,9,1,0,6.44000005722046,0.330000013113022,0.109999999403954
4319703577,1985,4/15/2016,5664,752,228,0,0,0,3.79999995231628,0,0
4319703577,1884,4/16/2016,4744,724,194,0,0,0,3.1800000667572,0,0
4319703577,1464,4/17/2016,29,1363,3,0,0,0,0.0199999995529652,0,0
4319703577,1632,4/18/2016,2276,824,58,9,1,0,1.12000000476837,0.330000013113022,0.0700000002980232
4319703577,2200,4/19/2016,8925,604,311,0,0,0,5.98999977111816,0,0
4319703577,2220,4/20/2016,8954,671,306,18,0,0,5.30999994277954,0.680000007152557,0
4319703577,1792,4/21/2016,3702,1265,34,0,0,0,0.349999994039536,0,0
4319703577,1886,4/22/2016,4500,709,176,19,1,0,2.15000009536743,0.810000002384186,0.0599999986588955
4319703577,1945,4/23/2016,4935,546,233,0,0,0,3.30999994277954,0,0
4319703577,1880,4/24/2016,4081,692,191,5,1,0,2.47000002861023,0.200000002980232,0.0599999986588955
4319703577,2314,4/25/2016,9259,544,390,8,0,0,5.92999982833862,0.280000001192093,0
4319703577,2236,4/26/2016,9899,649,288,21,8,0,5.15000009536743,0.920000016689301,0.569999992847443
4319703577,2324,4/27/2016,10780,680,300,47,6,0,4.90999984741211,1.91999995708466,0.409999996423721
4319703577,2367,4/28/2016,10817,552,359,8,13,0,5.94000005722046,0.330000013113022,1.00999999046326
4319703577,2175,4/29/2016,7990,624,289,18,6,0,4.11999988555908,0.790000021457672,0.449999988079071
4319703577,2092,4/30/2016,8221,695,196,38,6,0,3.50999999046326,1.61000001430511,0.400000005960464
4319703577,1593,5/1/2016,1251,836,67,0,0,0,0.839999973773956,0,0
4319703577,2270,5/2/2016,9261,585,344,11,0,0,5.71000003814697,0.439999997615814,0
4319703577,2235,5/3/2016,9648,669,287,26,8,0,4.82999992370605,1.07000005245209,0.579999983310699
4319703577,2282,5/4/2016,10429,1106,313,13,8,0,5.84999990463257,0.579999983310699,0.589999973773956
4319703577,2530,5/5/2016,13658,957,328,34,27,0,5.44999980926514,1.4099999666214,2.63000011444092
4319703577,2266,5/6/2016,9524,692,314,11,6,0,5.46000003814697,0.469999998807907,0.409999996423721
4319703577,2158,5/7/2016,7937,586,279,28,3,0,4.07999992370605,1.04999995231628,0.189999997615814
4319703577,1792,5/8/2016,3672,603,153,0,0,0,2.46000003814697,0,0
4319703577,2345,5/9/2016,10378,490,374,14,2,0,6.25,0.560000002384186,0.140000000596046
4319703577,2260,5/10/2016,9487,555,329,12,3,0,5.69999980926514,0.46000000834465,0.209999993443489
4319703577,2232,5/11/2016,9129,574,311,18,3,0,5.17999982833862,0.740000009536743,0.200000002980232
4319703577,257,5/12/2016,17,0,2,0,0,0,0.00999999977648258,0,0
4388161847,2955,4/12/2016,10122,1440,0,0,0,0,0,0,0
4388161847,3092,4/13/2016,10993,1275,150,14,1,0,3.88000011444092,0.629999995231628,0.0599999986588955
4388161847,2998,4/14/2016,8863,945,219,35,10,0,5.61999988555908,1.07000005245209,0.129999995231628
4388161847,3066,4/15/2016,8758,837,299,0,0,0,6.73000001907349,0,0
4388161847,3073,4/16/2016,6580,609,253,9,6,0,4.44999980926514,0.400000005960464,0.209999993443489
4388161847,2572,4/17/2016,4660,721,201,0,0,0,3.57999992370605,0,0
4388161847,3274,4/18/2016,11009,1017,239,8,27,0,5.1399998664856,0.400000005960464,3.55999994277954
4388161847,3015,4/19/2016,10181,704,249,16,20,0,5.76999998092651,0.689999997615814,1.37000000476837
4388161847,3083,4/20/2016,10553,696,228,42,19,0,5.28999996185303,1.72000002861023,1.10000002384186
4388161847,3069,4/21/2016,10055,853,272,12,7,0,6.98000001907349,0.389999985694885,0.370000004768372
4388161847,3544,4/22/2016,12139,945,220,25,77,0,4.92000007629395,1.11000001430511,3.29999995231628
4388161847,3306,4/23/2016,13236,749,215,5,58,0,5.34999990463257,0.319999992847443,4.5
4388161847,2885,4/24/2016,10243,584,239,8,14,0,6.30000019073486,0.509999990463257,1.08000004291534
4388161847,3288,4/25/2016,12961,1054,301,31,11,0,7.84000015258789,1.39999997615814,0.730000019073486
4388161847,2929,4/26/2016,9461,673,224,23,14,0,5.26999998092651,1.05999994277954,0.939999997615814
4388161847,3074,4/27/2016,11193,684,241,48,11,0,5.3899998664856,2.50999999046326,0.699999988079071
4388161847,2969,4/28/2016,10074,878,234,9,19,0,6.03000020980835,0.430000007152557,1.28999996185303
4388161847,2979,4/29/2016,9232,1175,236,16,13,0,5.42000007629395,0.889999985694885,0.800000011920929
4388161847,3283,4/30/2016,12533,537,300,43,14,0,6.94000005722046,2,0.699999988079071
4388161847,2926,5/1/2016,10255,579,241,15,12,0,6.19999980926514,0.680000007152557,1.00999999046326
4388161847,3147,5/2/2016,10096,935,204,4,33,0,4.55000019073486,0.0799999982118607,3.76999998092651
4388161847,3290,5/3/2016,12727,984,306,18,18,0,7.88000011444092,0.779999971389771,1.12999999523163
4388161847,3162,5/4/2016,12375,632,251,21,35,0,5.80000019073486,0.930000007152557,2.78999996185303
4388161847,2899,5/5/2016,9603,896,199,39,12,0,5.09000015258789,1.66999995708466,0.629999995231628
4388161847,3425,5/6/2016,13175,1100,262,45,33,0,5.92999982833862,2.08999991416931,2.10999989509583
4388161847,4022,5/7/2016,22770,508,260,56,120,0,5.32999992370605,2.76999998092651,9.44999980926514
4388161847,3934,5/8/2016,17298,576,178,38,107,0,3.23000001907349,1.25999999046326,9.89000034332275
4388161847,3013,5/9/2016,10218,1020,258,19,6,0,6.78999996185303,0.730000019073486,0.340000003576279
4388161847,3061,5/10/2016,10299,648,267,14,13,0,6.46000003814697,0.649999976158142,0.810000002384186
4388161847,2954,5/11/2016,10201,858,256,18,8,0,6.53000020980835,0.790000021457672,0.529999971389771
4388161847,1623,5/12/2016,3369,825,108,0,0,0,2.58999991416931,0,0
4445114986,2113,4/12/2016,3276,787,196,0,0,0,2.20000004768372,0,0
4445114986,2095,4/13/2016,2961,840,194,0,0,0,1.99000000953674,0,0
4445114986,2194,4/14/2016,3974,717,231,0,0,0,2.67000007629395,0,0
4445114986,2496,4/15/2016,7198,711,350,0,0,0,4.82999992370605,0,0
4445114986,2180,4/16/2016,3945,716,225,0,0,0,2.65000009536743,0,0
4445114986,1933,4/17/2016,2268,1219,114,0,0,0,1.51999998092651,0,0
4445114986,2248,4/18/2016,6155,1247,162,6,25,0,1.95000004768372,0.28999999165535,2
4445114986,1954,4/19/2016,2064,895,121,0,0,0,1.38999998569489,0,0
4445114986,1974,4/20/2016,2072,841,137,0,0,0,1.38999998569489,0,0
4445114986,2150,4/21/2016,3809,756,215,0,0,0,2.53999996185303,0,0
4445114986,2432,4/22/2016,6831,706,317,0,0,0,4.57999992370605,0,0
4445114986,2149,4/23/2016,4363,1239,201,0,0,0,2.9300000667572,0,0
4445114986,2247,4/24/2016,5002,1196,244,0,0,0,3.35999989509583,0,0
4445114986,2070,4/25/2016,3385,916,179,0,0,0,2.26999998092651,0,0
4445114986,2291,4/26/2016,6326,839,180,1,29,0,1.96000003814697,0.0399999991059303,2.41000008583069
4445114986,2361,4/27/2016,7243,839,194,1,32,0,2.38000011444092,0.0299999993294477,2.61999988555908
4445114986,2203,4/28/2016,4493,762,236,0,0,0,3.00999999046326,0,0
4445114986,2196,4/29/2016,4676,1106,226,0,0,0,3.13000011444092,0,0
4445114986,2363,4/30/2016,6222,797,290,0,0,0,4.17999982833862,0,0
4445114986,2246,5/1/2016,5232,741,240,0,0,0,3.50999999046326,0,0
4445114986,2336,5/2/2016,6910,667,200,4,27,0,2.34999990463257,0.189999997615814,2.21000003814697
4445114986,2421,5/3/2016,7502,725,233,2,30,0,2.57999992370605,0.109999999403954,2.48000001907349
4445114986,2070,5/4/2016,2923,897,180,0,0,0,1.96000003814697,0,0
4445114986,2120,5/5/2016,3800,734,185,6,2,0,2.1800000667572,0.239999994635582,0.119999997317791
4445114986,2211,5/6/2016,4514,809,229,0,0,0,3.02999997138977,0,0
4445114986,2123,5/7/2016,5183,866,108,4,26,0,1.25,0.189999997615814,2.13000011444092
4445114986,2423,5/8/2016,7303,733,308,8,0,0,4.65000009536743,0.25,0
4445114986,2281,5/9/2016,5275,641,266,0,0,0,3.53999996185303,0,0
4445114986,2181,5/10/2016,3915,783,231,0,0,0,2.63000011444092,0,0
4445114986,2499,5/11/2016,9105,622,232,22,34,0,2.85999989509583,1,2.25
4445114986,1212,5/12/2016,768,380,58,0,0,0,0.519999980926514,0,0
4558609924,1909,4/12/2016,5135,1122,318,0,0,0,3.39000010490417,0,0
4558609924,1722,4/13/2016,4978,1287,127,7,19,0,1.61000001430511,0.439999997615814,1.24000000953674
4558609924,1922,4/14/2016,6799,1161,279,0,0,0,4.48999977111816,0,0
4558609924,2121,4/15/2016,7795,1131,262,30,17,0,3.73000001907349,0.839999973773956,0.589999973773956
4558609924,1997,4/16/2016,7289,1112,308,12,8,0,3.5,0.75,0.550000011920929
4558609924,2117,4/17/2016,9634,1110,304,19,7,0,4.71000003814697,1.13999998569489,0.550000011920929
4558609924,2116,4/18/2016,8940,1080,331,15,14,0,4,0.930000007152557,0.980000019073486
4558609924,1876,4/19/2016,5401,1182,248,9,1,0,3.16000008583069,0.360000014305115,0.0500000007450581
4558609924,1788,4/20/2016,4803,1218,222,0,0,0,3.17000007629395,0,0
4558609924,2486,4/21/2016,13743,844,432,21,6,0,7.69999980926514,0.970000028610229,0.419999986886978
4558609924,2094,4/22/2016,9601,1122,273,25,20,0,3.47000002861023,1.5,1.37000000476837
4558609924,2085,4/23/2016,6890,1122,308,5,5,0,4.01000022888184,0.200000002980232,0.340000003576279
4558609924,2173,4/24/2016,8563,1045,395,0,0,0,5.65000009536743,0,0
4558609924,2225,4/25/2016,8095,993,340,10,18,0,4.51000022888184,0.25,0.589999973773956
4558609924,2223,4/26/2016,9148,1062,283,41,12,0,3.58999991416931,2.02999997138977,0.430000007152557
4558609924,2098,4/27/2016,9557,1087,312,14,27,0,3.46000003814697,0.889999985694885,1.96000003814697
4558609924,2185,4/28/2016,9451,985,367,11,1,0,5.94999980926514,0.270000010728836,0.0199999995529652
4558609924,1918,4/29/2016,7833,1096,197,29,15,0,2.30999994277954,1.85000002384186,1.01999998092651
4558609924,2105,4/30/2016,10319,1111,293,29,7,0,4.46000003814697,1.88999998569489,0.469999998807907
4558609924,1692,5/1/2016,3428,1121,190,0,0,0,2.26999998092651,0,0
4558609924,2066,5/2/2016,7891,1057,383,0,0,0,5.21999979019165,0,0
4558609924,1953,5/3/2016,5267,1172,237,10,21,0,2.59999990463257,0.280000001192093,0.600000023841858
4558609924,1842,5/4/2016,5232,1188,252,0,0,0,3.46000003814697,0,0
4558609924,2262,5/5/2016,10611,1048,370,8,14,0,5.51000022888184,0.5,1.00999999046326
4558609924,1722,5/6/2016,3755,1238,202,0,0,0,2.48000001907349,0,0
4558609924,1973,5/7/2016,8237,1116,233,16,23,0,2.82999992370605,1,1.61000001430511
4558609924,2666,5/8/2016,6543,1019,238,35,66,0,2.01999998092651,0.5,1.79999995231628
4558609924,2223,5/9/2016,11451,1065,339,30,6,0,5.51999998092651,1.62000000476837,0.430000007152557
4558609924,1889,5/10/2016,6435,1191,220,18,11,0,2.39000010490417,1.12000000476837,0.740000009536743
4558609924,2131,5/11/2016,9108,1081,324,31,4,0,3.94000005722046,1.82000005245209,0.259999990463257
4558609924,1452,5/12/2016,6307,736,247,0,0,0,4.17000007629395,0,0
4702921684,2947,4/12/2016,7213,718,263,0,0,0,5.84999990463257,0,0
4702921684,2898,4/13/2016,6877,777,258,0,0,0,5.57999992370605,0,0
4702921684,2984,4/14/2016,7860,772,271,0,0,0,6.36999988555908,0,0
4702921684,2896,4/15/2016,6506,944,256,8,1,0,4.78999996185303,0.419999986886978,0.0700000002980232
4702921684,3328,4/16/2016,11140,556,335,24,3,0,7.53999996185303,1.25,0.239999994635582
4702921684,3394,4/17/2016,12692,437,302,66,12,0,5.88000011444092,3.46000003814697,0.959999978542328
4702921684,3013,4/18/2016,9105,890,191,30,22,0,4.07000017166138,1.49000000953674,1.82000005245209
4702921684,2812,4/19/2016,6708,757,179,8,10,0,4.19000005722046,0.370000004768372,0.879999995231628
4702921684,3061,4/20/2016,8793,717,260,29,2,0,5.73000001907349,1.23000001907349,0.159999996423721
4702921684,2729,4/21/2016,6530,901,144,41,4,0,2.94000005722046,2.04999995231628,0.310000002384186
4702921684,2241,4/22/2016,1664,1341,72,0,0,0,1.35000002384186,0,0
4702921684,3691,4/23/2016,15126,469,408,66,9,0,8.27000045776367,3.24000000953674,0.759999990463257
4702921684,3538,4/24/2016,15050,542,281,95,15,0,5.88000011444092,5.11999988555908,1.20000004768372
4702921684,3064,4/25/2016,9167,730,270,15,6,0,6.1100001335144,0.819999992847443,0.490000009536743
4702921684,2784,4/26/2016,6108,765,216,8,1,0,4.53999996185303,0.349999994039536,0.0700000002980232
4702921684,2908,4/27/2016,7047,733,238,16,1,0,4.78000020980835,0.800000011920929,0.0900000035762787
4702921684,3033,4/28/2016,9023,738,232,9,14,0,5.76999998092651,0.419999986886978,1.12999999523163
4702921684,3165,4/29/2016,9930,692,267,19,12,0,6.07000017166138,0.920000016689301,1.05999994277954
4702921684,3115,4/30/2016,10144,728,263,36,4,0,5.88000011444092,2.02999997138977,0.319999992847443
4702921684,2017,5/1/2016,0,1440,0,0,0,0,0,0,0
4702921684,2859,5/2/2016,7245,1131,195,40,5,0,3.75999999046326,1.74000000953674,0.379999995231628
4702921684,3145,5/3/2016,9454,729,313,0,0,0,7.67000007629395,0,0
4702921684,3004,5/4/2016,8161,757,251,15,4,0,5.53999996185303,0.730000019073486,0.340000003576279
4702921684,3006,5/5/2016,8614,745,241,5,8,0,6.09000015258789,0.219999998807907,0.670000016689301
4702921684,2859,5/6/2016,6943,682,207,16,1,0,4.86999988555908,0.660000026226044,0.0799999982118607
4702921684,3683,5/7/2016,14370,577,439,46,5,0,8.97000026702881,2.30999994277954,0.370000004768372
4702921684,3287,5/8/2016,12857,1019,192,125,9,0,3.53999996185303,6.21000003814697,0.680000007152557
4702921684,2990,5/9/2016,8232,746,253,12,0,0,6.09999990463257,0.569999992847443,0
4702921684,3172,5/10/2016,10613,701,262,37,1,0,6.65000009536743,1.87999999523163,0.0799999982118607
4702921684,3069,5/11/2016,9810,784,235,41,10,0,4.98000001907349,2.16000008583069,0.779999971389771
4702921684,1240,5/12/2016,2752,241,68,0,0,0,2.23000001907349,0,0
5553957443,2026,4/12/2016,11596,767,277,13,19,0,5.40999984741211,0.790000021457672,1.37000000476837
5553957443,1718,4/13/2016,4832,647,226,0,0,0,3.16000008583069,0,0
5553957443,2324,4/14/2016,17022,693,256,41,61,0,4.67000007629395,2.45000004768372,4
5553957443,2254,4/15/2016,16556,689,239,38,58,0,4.71000003814697,1.98000001907349,4.15999984741211
5553957443,1831,4/16/2016,5771,521,288,0,0,0,3.76999998092651,0,0
5553957443,1397,4/17/2016,655,943,46,0,0,0,0.430000007152557,0,0
5553957443,1683,4/18/2016,3727,622,206,0,0,0,2.4300000667572,0,0
5553957443,2284,4/19/2016,15482,756,249,28,69,0,4.17999982833862,1.6599999666214,4.28000020980835
5553957443,1570,4/20/2016,2713,598,148,0,0,0,1.76999998092651,0,0
5553957443,2066,4/21/2016,12346,801,177,42,47,0,2.96000003814697,2.16000008583069,2.95000004768372
5553957443,2105,4/22/2016,11682,781,270,16,25,0,5.59999990463257,0.629999995231628,1.37999999523163
5553957443,1776,4/23/2016,4112,443,272,0,0,0,2.6800000667572,0,0
5553957443,1507,4/24/2016,1807,582,104,0,0,0,1.17999994754791,0,0
5553957443,2033,4/25/2016,10946,732,201,11,51,0,3.69000005722046,0.569999992847443,2.9300000667572
5553957443,2093,4/26/2016,11886,750,238,18,40,0,4.46000003814697,0.930000007152557,2.36999988555908
5553957443,1922,4/27/2016,10538,745,206,16,16,0,4.73999977111816,1,1.13999998569489
5553957443,1999,4/28/2016,11393,727,165,13,49,0,3.17000007629395,0.75,3.71000003814697
5553957443,2169,4/29/2016,12764,709,270,15,46,0,4.90999984741211,0.639999985694885,2.78999996185303
5553957443,1463,4/30/2016,1202,506,84,0,0,0,0.779999971389771,0,0
5553957443,1747,5/1/2016,5164,436,237,0,0,0,3.36999988555908,0,0
5553957443,1996,5/2/2016,9769,724,227,9,23,0,4.90000009536743,0.409999996423721,1.05999994277954
5553957443,2116,5/3/2016,12848,812,247,29,26,0,5.67999982833862,1.20000004768372,1.5
5553957443,1698,5/4/2016,4249,651,224,0,0,0,2.76999998092651,0,0
5553957443,2156,5/5/2016,14331,692,241,29,44,0,4.42999982833862,1.6599999666214,3.4300000667572
5553957443,1916,5/6/2016,9632,761,229,9,21,0,4.23000001907349,0.540000021457672,1.51999998092651
5553957443,1494,5/7/2016,1868,902,96,0,0,0,1.22000002861023,0,0
5553957443,1762,5/8/2016,6083,505,210,8,3,0,3.29999995231628,0.469999998807907,0.219999998807907
5553957443,2272,5/9/2016,11611,667,251,22,59,0,4.55999994277954,0.889999985694885,2.13000011444092
5553957443,2335,5/10/2016,16358,707,265,40,61,0,5.19999980926514,1.61000001430511,3.86999988555908
5553957443,1693,5/11/2016,4926,628,195,0,0,0,3.22000002861023,0,0
5553957443,741,5/12/2016,3121,222,48,6,8,0,1.05999994277954,0.400000005960464,0.579999983310699
5577150313,3405,4/12/2016,8135,728,140,16,86,0,2.09999990463257,0.379999995231628,3.59999990463257
5577150313,2551,4/13/2016,5077,776,144,11,15,0,3.25,0.219999998807907,0.319999992847443
5577150313,4022,4/14/2016,8596,662,176,30,118,0,2.77999997138977,0.310000002384186,3.32999992370605
5577150313,4005,4/15/2016,12087,695,199,54,115,0,3.55999994277954,1.60000002384186,3.92000007629395
5577150313,4274,4/16/2016,14269,472,158,56,184,0,2.73000001907349,1.27999997138977,6.6399998664856
5577150313,4552,4/17/2016,12231,525,159,37,200,0,2.3199999332428,0.829999983310699,5.98000001907349
5577150313,3625,4/18/2016,9893,623,130,32,114,0,1.82000005245209,0.720000028610229,4.8600001335144
5577150313,3501,4/19/2016,12574,733,111,23,108,0,1.75999999046326,0.639999985694885,7.01999998092651
5577150313,3192,4/20/2016,8330,773,113,16,87,0,1.75999999046326,0.340000003576279,4.11999988555908
5577150313,4018,4/21/2016,10830,670,175,74,110,0,2.77999997138977,1.6599999666214,3.65000009536743
5577150313,3329,4/22/2016,9172,823,200,30,62,0,3.29999995231628,0.790000021457672,2.42000007629395
5577150313,3152,4/23/2016,7638,627,223,24,24,0,4.1399998664856,0.360000014305115,1.21000003814697
5577150313,4392,4/24/2016,15764,425,141,65,210,0,1.98000001907349,2.15000009536743,7.65000009536743
5577150313,3374,4/25/2016,6393,743,214,38,61,0,2.75999999046326,0.670000016689301,1.35000002384186
5577150313,3088,4/26/2016,5325,759,181,32,38,0,2.47000002861023,0.649999976158142,0.850000023841858
5577150313,3294,4/27/2016,6805,773,190,16,63,0,2.9300000667572,0.400000005960464,1.80999994277954
5577150313,3580,4/28/2016,9841,692,141,51,99,0,3.00999999046326,1.16999995708466,3.25
5577150313,3544,4/29/2016,7924,739,165,36,97,0,2.47000002861023,0.610000014305115,2.83999991416931
5577150313,4501,4/30/2016,12363,621,163,45,207,0,2.60999989509583,0.790000021457672,5.82999992370605
5577150313,4546,5/1/2016,13368,499,178,72,194,0,3.24000000953674,1.44000005722046,5.30999994277954
5577150313,3014,5/2/2016,7439,732,235,20,37,0,4.07000017166138,0.349999994039536,1.12000000476837
5577150313,3795,5/3/2016,11045,580,212,8,97,0,3.5699999332428,0.150000005960464,4.51999998092651
5577150313,2755,5/4/2016,5206,631,141,9,25,0,2.07999992370605,0.25,1.55999994277954
5577150313,3004,5/5/2016,7550,1153,143,21,45,0,2.67000007629395,0.469999998807907,2.5
5577150313,2643,5/6/2016,4950,1304,79,16,41,0,1.45000004768372,0.319999992847443,1.92999994754791
5577150313,1819,5/7/2016,0,1440,0,0,0,0,0,0,0
5577150313,1819,5/8/2016,0,1440,0,0,0,0,0,0,0
5577150313,2489,5/9/2016,3421,1099,70,11,34,0,0.990000009536743,0.140000000596046,1.42999994754791
5577150313,3841,5/10/2016,8869,639,194,37,104,0,3.34999990463257,0.75,2.55999994277954
5577150313,1665,5/11/2016,4038,257,63,15,45,0,0.889999985694885,0.300000011920929,1.83000004291534
6117666160,1496,4/12/2016,0,1440,0,0,0,0,0,0,0
6117666160,1496,4/13/2016,0,1440,0,0,0,0,0,0,0
6117666160,1496,4/14/2016,0,1440,0,0,0,0,0,0,0
6117666160,2865,4/15/2016,14019,921,513,6,0,0,10.3000001907349,0.280000001192093,0
6117666160,2828,4/16/2016,14450,502,518,15,7,0,9.47999954223633,0.850000023841858,0.579999983310699
6117666160,2225,4/17/2016,7150,702,312,0,0,0,5.40000009536743,0,0
6117666160,2018,4/18/2016,5153,759,241,0,0,0,3.89000010490417,0,0
6117666160,2606,4/19/2016,11135,425,480,0,0,0,8.40999984741211,0,0
6117666160,2536,4/20/2016,10449,587,349,10,26,0,5.51999998092651,0.479999989271164,2.02999997138977
6117666160,4900,4/21/2016,19542,579,294,19,11,0,5.61999988555908,0.400000005960464,0.980000019073486
6117666160,2409,4/22/2016,8206,413,402,0,0,0,6.19999980926514,0,0
6117666160,2651,4/23/2016,11495,468,512,0,0,0,8.68000030517578,0,0
6117666160,2305,4/24/2016,7623,711,362,0,0,0,5.76000022888184,0,0
6117666160,1497,4/25/2016,0,1440,0,0,0,0,0,0,0
6117666160,2450,4/26/2016,9543,1077,352,7,0,0,6.86999988555908,0.340000003576279,0
6117666160,2576,4/27/2016,9411,417,458,0,0,0,7.1100001335144,0,0
6117666160,1879,4/28/2016,3403,758,141,0,0,0,2.59999990463257,0,0
6117666160,2560,4/29/2016,9592,479,461,0,0,0,7.23999977111816,0,0
6117666160,2275,4/30/2016,6987,1040,343,0,0,0,5.28000020980835,0,0
6117666160,2361,5/1/2016,8915,525,397,0,0,0,6.73000001907349,0,0
6117666160,2044,5/2/2016,4933,1204,236,0,0,0,3.73000001907349,0,0
6117666160,1496,5/3/2016,0,1440,0,0,0,0,0,0,0
6117666160,1902,5/4/2016,2997,1279,156,0,0,0,2.25999999046326,0,0
6117666160,2636,5/5/2016,9799,479,487,0,0,0,7.40000009536743,0,0
6117666160,1838,5/6/2016,3365,673,133,0,0,0,2.6800000667572,0,0
6117666160,2469,5/7/2016,7336,456,412,0,0,0,5.53999996185303,0,0
6117666160,2250,5/8/2016,7328,517,318,0,0,0,5.53000020980835,0,0
6117666160,1248,5/9/2016,4477,125,197,0,0,0,3.38000011444092,0,0
6290855005,2560,4/12/2016,4562,1241,199,0,0,0,3.45000004768372,0,0
6290855005,2905,4/13/2016,7142,1090,350,0,0,0,5.3899998664856,0,0
6290855005,2952,4/14/2016,7671,1077,363,0,0,0,5.76999998092651,0,0
6290855005,2896,4/15/2016,9501,1112,328,0,0,0,7.17000007629395,0,0
6290855005,2783,4/16/2016,8301,1182,258,0,0,0,6.26999998092651,0,0
6290855005,3171,4/17/2016,7851,1172,225,12,31,0,4,0.790000021457672,1.13999998569489
6290855005,2766,4/18/2016,6885,1169,271,0,0,0,5.19000005722046,0,0
6290855005,2839,4/19/2016,7142,1119,321,0,0,0,5.3899998664856,0,0
6290855005,2701,4/20/2016,6361,1182,258,0,0,0,4.80000019073486,0,0
6290855005,2060,4/21/2016,0,1440,0,0,0,0,0,0,0
6290855005,2796,4/22/2016,6238,1138,302,0,0,0,4.71999979019165,0,0
6290855005,2664,4/23/2016,0,1407,0,0,33,0,0,0,0
6290855005,2703,4/24/2016,5896,1182,258,0,0,0,4.46000003814697,0,0
6290855005,2771,4/25/2016,7802,1180,249,3,8,0,5.03000020980835,0.180000007152557,0.680000007152557
6290855005,2060,4/26/2016,0,1440,0,0,0,0,0,0,0
6290855005,2743,4/27/2016,5565,1153,287,0,0,0,4.17999982833862,0,0
6290855005,2687,4/28/2016,5731,1185,255,0,0,0,4.32999992370605,0,0
6290855005,2060,4/29/2016,0,1440,0,0,0,0,0,0,0
6290855005,2843,4/30/2016,6744,1116,324,0,0,0,5.09000015258789,0,0
6290855005,3327,5/1/2016,9837,1055,282,95,8,0,4,2.75,0.660000026226044
6290855005,2725,5/2/2016,6781,1172,268,0,0,0,5.1100001335144,0,0
6290855005,2671,5/3/2016,6047,1200,240,0,0,0,4.57000017166138,0,0
6290855005,2718,5/4/2016,5832,1168,272,0,0,0,4.40000009536743,0,0
6290855005,2682,5/5/2016,6339,1201,239,0,0,0,4.78999996185303,0,0
6290855005,2806,5/6/2016,6116,1135,305,0,0,0,4.59000015258789,0,0
6290855005,2613,5/7/2016,5510,1213,227,0,0,0,4.15999984741211,0,0
6290855005,2712,5/8/2016,7706,1189,251,0,0,0,5.82000017166138,0,0
6290855005,2175,5/9/2016,6277,800,264,0,0,0,4.73000001907349,0,0
6290855005,0,5/10/2016,0,1440,0,0,0,0,0,0,0
6775888955,1841,4/12/2016,0,1440,0,0,0,0,0,0,0
6775888955,2400,4/13/2016,4053,1053,85,18,17,0,1.22000002861023,0.579999983310699,1.11000001430511
6775888955,2507,4/14/2016,5162,863,105,24,14,0,1.97000002861023,0.860000014305115,0.870000004768372
6775888955,2127,4/15/2016,1282,976,58,0,0,0,0.920000016689301,0,0
6775888955,2225,4/16/2016,4732,1377,9,18,36,0,0.0599999986588955,0.810000002384186,2.51999998092651
6775888955,2067,4/17/2016,2497,1392,19,24,5,0,0.310000002384186,1.12999999523163,0.349999994039536
6775888955,2798,4/18/2016,8294,1233,146,31,30,0,3.17000007629395,0.769999980926514,2
6775888955,1841,4/19/2016,0,1440,0,0,0,0,0,0,0
6775888955,3727,4/20/2016,10771,1079,178,113,70,0,2.22000002861023,1.74000000953674,3.76999998092651
6775888955,1841,4/21/2016,0,1440,0,0,0,0,0,0,0
6775888955,1922,4/22/2016,637,1420,20,0,0,0,0.46000000834465,0,0
6775888955,1841,4/23/2016,0,1440,0,0,0,0,0,0,0
6775888955,2053,4/24/2016,2153,1400,11,18,11,0,0.150000005960464,0.620000004768372,0.769999980926514
6775888955,2484,4/25/2016,6474,1302,92,13,33,0,1.89999997615814,0.46000000834465,2.26999998092651
6775888955,2584,4/26/2016,7091,1321,47,30,42,0,0.730000019073486,0.870000004768372,3.48000001907349
6775888955,1841,4/27/2016,0,1440,0,0,0,0,0,0,0
6775888955,1993,4/28/2016,703,1410,15,13,2,0,0.239999994635582,0.200000002980232,0.0599999986588955
6775888955,1841,4/29/2016,0,1440,0,0,0,0,0,0,0
6775888955,2280,4/30/2016,2503,1344,84,9,3,0,1.48000001907349,0.159999996423721,0.159999996423721
6775888955,2319,5/1/2016,2487,1347,50,34,9,0,0.680000007152557,0.620000004768372,0.479999989271164
6775888955,1841,5/2/2016,0,1440,0,0,0,0,0,0,0
6775888955,1843,5/3/2016,9,1439,1,0,0,0,0.00999999977648258,0,0
6775888955,1841,5/4/2016,0,1440,0,0,0,0,0,0,0
6775888955,1841,5/5/2016,0,1440,0,0,0,0,0,0,0
6775888955,2496,5/6/2016,4697,1318,75,35,12,0,1.92999994754791,0.930000007152557,0.469999998807907
6775888955,1032,5/7/2016,1967,551,49,5,2,0,1.04999995231628,0.239999994635582,0.129999995231628
6962181067,1994,4/12/2016,10199,796,189,14,50,0,2.50999999046326,0.829999983310699,3.40000009536743
6962181067,1718,4/13/2016,5652,548,142,24,8,0,1.96000003814697,1.21000003814697,0.569999992847443
6962181067,1466,4/14/2016,1551,862,86,0,0,0,1.02999997138977,0,0
6962181067,1756,4/15/2016,5563,837,217,0,0,0,3.6800000667572,0,0
6962181067,2173,4/16/2016,13217,741,280,3,50,0,4.88000011444092,0.189999997615814,3.66000008583069
6962181067,2027,4/17/2016,10145,634,295,13,5,0,5.69000005722046,0.680000007152557,0.330000013113022
6962181067,2039,4/18/2016,11404,689,238,42,13,0,4.32000017166138,2.39000010490417,0.829999983310699
6962181067,2046,4/19/2016,10742,659,195,41,35,0,2.86999988555908,2.13000011444092,2.09999990463257
6962181067,2174,4/20/2016,13928,639,297,4,48,0,5.09000015258789,0.189999997615814,4.28000020980835
6962181067,2179,4/21/2016,11835,708,214,27,53,0,3.50999999046326,2.09999990463257,3.99000000953674
6962181067,2086,4/22/2016,10725,659,240,33,30,0,3.76999998092651,1.54999995231628,1.76999998092651
6962181067,2571,4/23/2016,20031,484,347,41,58,0,7.03999996185303,2,4.19999980926514
6962181067,1705,4/24/2016,5029,720,199,0,0,0,3.3199999332428,0,0
6962181067,2194,4/25/2016,13239,637,282,31,35,0,4.46000003814697,1.67999994754791,3.01999998092651
6962181067,2012,4/26/2016,10433,680,254,7,36,0,3.90000009536743,0.419999986886978,2.57999992370605
6962181067,2034,4/27/2016,10320,697,279,38,7,0,4.25,2.01999998092651,0.550000011920929
6962181067,2182,4/28/2016,12627,621,288,8,38,0,5.59000015258789,0.239999994635582,2.50999999046326
6962181067,2254,4/29/2016,10762,645,369,15,12,0,5.80999994277954,0.479999989271164,0.819999992847443
6962181067,2002,4/30/2016,10081,731,237,16,32,0,3.67000007629395,0.759999990463257,2.24000000953674
6962181067,1740,5/1/2016,5454,722,215,0,0,0,3.60999989509583,0,0
6962181067,2162,5/2/2016,12912,655,313,39,18,0,5.34000015258789,2,1.20000004768372
6962181067,2072,5/3/2016,12109,654,267,36,21,0,4.32999992370605,2.03999996185303,1.74000000953674
6962181067,2086,5/4/2016,10147,683,284,36,15,0,4.55000019073486,1.67999994754791,0.469999998807907
6962181067,2066,5/5/2016,10524,591,305,22,14,0,4.80999994277954,1.1599999666214,0.990000009536743
6962181067,1850,5/6/2016,5908,717,299,0,0,0,3.91000008583069,0,0
6962181067,1947,5/7/2016,6815,745,328,0,0,0,4.5,0,0
6962181067,1659,5/8/2016,4188,709,151,14,0,0,2.25,0.519999980926514,0
6962181067,2105,5/9/2016,12342,607,231,21,43,0,3.65000009536743,1.17999994754791,3.90000009536743
6962181067,2361,5/10/2016,15448,626,275,34,62,0,4.98999977111816,1.75,3.47000002861023
6962181067,1855,5/11/2016,6722,709,199,7,24,0,2.65000009536743,0.310000002384186,1.49000000953674
6962181067,928,5/12/2016,3587,127,105,8,0,0,2.10999989509583,0.25,0
7007744171,2937,4/12/2016,14172,1024,355,8,53,0,5.40999984741211,0.379999995231628,4.5
7007744171,2742,4/13/2016,12862,1101,261,22,56,0,4.48000001907349,0.560000002384186,4.6100001335144
7007744171,2668,4/14/2016,11179,1096,304,6,34,0,4.96000003814697,0.340000003576279,2.95000004768372
7007744171,2098,4/15/2016,5273,1238,202,0,0,0,3.52999997138977,0,0
7007744171,2076,4/16/2016,4631,1155,203,0,0,0,3.09999990463257,0,0
7007744171,2383,4/17/2016,8059,1135,305,0,0,0,5.3899998664856,0,0
7007744171,2832,4/18/2016,14816,1077,284,31,48,0,5.05000019073486,2.11999988555908,3.78999996185303
7007744171,2812,4/19/2016,14194,1066,304,17,53,0,5.30999994277954,0.759999990463257,4.40999984741211
7007744171,3096,4/20/2016,15566,1000,347,33,60,0,5.8600001335144,0.670000016689301,4.78999996185303
7007744171,2763,4/21/2016,13744,1049,327,34,30,0,5.17000007629395,1.87000000476837,2.15000009536743
7007744171,2889,4/22/2016,15299,1065,261,50,64,0,4.36999988555908,1.75999999046326,4.09999990463257
7007744171,2284,4/23/2016,8093,1190,223,25,2,0,4.15000009536743,1.12999999523163,0.129999995231628
7007744171,2667,4/24/2016,11085,1021,419,0,0,0,7.42000007629395,0,0
7007744171,3055,4/25/2016,18229,986,379,24,51,0,7.67000007629395,1.37000000476837,4.30999994277954
7007744171,2939,4/26/2016,15090,978,424,22,16,0,8.22999954223633,0.939999997615814,0.930000007152557
7007744171,2830,4/27/2016,13541,1041,337,12,50,0,5.28999996185303,0.660000026226044,4.26999998092651
7007744171,2836,4/28/2016,15128,1007,401,16,16,0,8.26000022888184,0.769999980926514,1.0900000333786
7007744171,3180,4/29/2016,20067,961,382,42,55,0,7.94999980926514,2.04999995231628,4.30999994277954
7007744171,2051,4/30/2016,3761,1240,200,0,0,0,2.51999998092651,0,0
7007744171,2225,5/1/2016,5600,1142,237,0,0,0,3.75,0,0
7007744171,2642,5/2/2016,13041,1112,250,14,64,0,3.82999992370605,0.699999988079071,4.6399998664856
7007744171,2976,5/3/2016,14510,1021,330,31,58,0,5.3600001335144,1.01999998092651,4.48000001907349
7007744171,1557,5/4/2016,0,1440,0,0,0,0,0,0,0
7007744171,2933,5/5/2016,15010,1047,317,23,53,0,5.48000001907349,1.28999996185303,4.32999992370605
7007744171,2553,5/6/2016,11459,1136,247,13,44,0,3.85999989509583,0.810000002384186,3
7007744171,120,5/7/2016,0,111,0,0,0,0,0,0,0
7086361926,2772,4/12/2016,11317,745,153,6,59,0,2.97000002861023,0.150000005960464,5.26999998092651
7086361926,2516,4/13/2016,5813,744,155,26,31,0,2.83999991416931,0.209999993443489,0.560000002384186
7086361926,2734,4/14/2016,9123,787,189,32,35,0,3.66000008583069,0.330000013113022,2.02999997138977
7086361926,2395,4/15/2016,8585,864,139,21,30,0,2.52999997138977,1.11000001430511,2.03999996185303
7086361926,1635,4/16/2016,31,1437,3,0,0,0,0.00999999977648258,0,0
7086361926,1629,4/17/2016,0,1440,0,0,0,0,0,0,0
7086361926,2743,4/18/2016,9827,1136,114,51,61,0,2.30999994277954,1.22000002861023,3.17000007629395
7086361926,2944,4/19/2016,10688,671,124,69,67,0,2.50999999046326,1.23000001907349,3.52999997138977
7086361926,2997,4/20/2016,14365,797,145,13,87,0,2.53999996185303,0.449999988079071,7.6399998664856
7086361926,2463,4/21/2016,9469,758,206,6,19,0,4.51000022888184,0.300000011920929,1.36000001430511
7086361926,2846,4/22/2016,9753,762,153,59,58,0,2.67000007629395,0.970000028610229,2.86999988555908
7086361926,1965,4/23/2016,2817,1350,90,0,0,0,1.79999995231628,0,0
7086361926,2049,4/24/2016,3520,566,125,0,0,0,2.15000009536743,0,0
7086361926,2752,4/25/2016,10091,706,129,39,69,0,2.36999988555908,0.699999988079071,3.75
7086361926,2781,4/26/2016,10387,726,132,33,70,0,2.11999988555908,0.769999980926514,4.15999984741211
7086361926,2693,4/27/2016,11107,829,145,6,55,0,2.52999997138977,0.180000007152557,5.63000011444092
7086361926,2862,4/28/2016,11584,810,161,48,54,0,3.35999989509583,1.63999998569489,2.78999996185303
7086361926,2616,4/29/2016,7881,1198,182,36,24,0,4,0.449999988079071,0.490000009536743
7086361926,2995,4/30/2016,14560,584,308,17,42,0,5.23999977111816,1.03999996185303,3.11999988555908
7086361926,2730,5/1/2016,12390,685,258,15,30,0,4.84999990463257,0.899999976158142,2.29999995231628
7086361926,2754,5/2/2016,10052,737,139,26,66,0,2.66000008583069,0.660000026226044,3.48000001907349
7086361926,2754,5/3/2016,10288,761,152,36,57,0,3.16000008583069,0.850000023841858,2.74000000953674
7086361926,2655,5/4/2016,10988,843,135,12,45,0,2.90000009536743,0.119999997317791,5.28000020980835
7086361926,2386,5/5/2016,8564,1253,149,14,24,0,2.95000004768372,0.829999983310699,1.77999997138977
7086361926,2924,5/6/2016,12461,834,154,35,84,0,3.11999988555908,1.42999994754791,3.8199999332428
7086361926,2739,5/7/2016,12827,621,209,42,20,0,4.67999982833862,2.32999992370605,1.46000003814697
7086361926,2534,5/8/2016,10677,695,147,27,32,0,3.25,1.52999997138977,2.30999994277954
7086361926,2960,5/9/2016,13566,743,171,50,67,0,3.11999988555908,1.71000003814697,4.26000022888184
7086361926,2800,5/10/2016,14433,1182,106,23,72,0,2.45000004768372,1.20000004768372,7.1100001335144
7086361926,2735,5/11/2016,9572,757,128,40,57,0,2.23000001907349,1.38999998569489,2.89000010490417
7086361926,1199,5/12/2016,3789,343,58,4,5,0,1.88999998569489,0.270000010728836,0.379999995231628
8053475328,3186,4/12/2016,18060,1193,123,8,116,0,2.09999990463257,0.389999985694885,11.6400003433228
8053475328,3140,4/13/2016,16433,1177,156,12,95,0,2.45000004768372,0.469999998807907,10.4300003051758
8053475328,3411,4/14/2016,20159,1123,193,5,119,0,3.35999989509583,0.209999993443489,12.3400001525879
8053475328,3410,4/15/2016,20669,1142,158,8,132,0,2.58999991416931,0.389999985694885,13.2600002288818
8053475328,2867,4/16/2016,14549,1255,83,6,96,0,1.49000000953674,0.270000010728836,9.35999965667725
8053475328,3213,4/17/2016,18827,1113,195,21,111,0,3.64000010490417,0.800000011920929,9.23999977111816
8053475328,3133,4/18/2016,17076,1137,195,6,102,0,3.34999990463257,0.230000004172325,9.07999992370605
8053475328,3114,4/19/2016,15929,1152,191,7,90,0,2.95000004768372,0.310000002384186,9.22000026702881
8053475328,3043,4/20/2016,15108,695,158,5,89,0,2.38000011444092,0.230000004172325,9.57999992370605
8053475328,3103,4/21/2016,16057,1164,170,6,100,0,2.57999992370605,0.25,9.67000007629395
8053475328,2655,4/22/2016,10520,1260,117,3,60,0,1.87999999523163,0.150000005960464,6.26000022888184
8053475328,3554,4/23/2016,22359,741,223,14,125,0,4.01999998092651,0.629999995231628,12.539999961853
8053475328,3577,4/24/2016,22988,1096,182,33,129,0,3.25999999046326,1.54999995231628,13.1300001144409
8053475328,3403,4/25/2016,20500,1104,209,9,118,0,3.85999989509583,0.46000000834465,11.3699998855591
8053475328,2846,4/26/2016,12685,1182,185,5,68,0,3.09999990463257,0.200000002980232,6.30999994277954
8053475328,2852,4/27/2016,12422,1187,183,10,60,0,2.9300000667572,0.430000007152557,6.46000003814697
8053475328,3062,4/28/2016,15447,1188,153,9,90,0,2.34999990463257,0.389999985694885,9.67000007629395
8053475328,2794,4/29/2016,12315,1215,159,8,58,0,3.17000007629395,0.310000002384186,6.17000007629395
8053475328,2408,4/30/2016,7135,1281,131,1,27,0,2.53999996185303,0.0599999986588955,2.99000000953674
8053475328,1886,5/1/2016,1170,1389,51,0,0,0,0.850000023841858,0,0
8053475328,1988,5/2/2016,1969,1345,95,0,0,0,1.42999994754791,0,0
8053475328,3023,5/3/2016,15484,1166,165,22,87,0,2.58999991416931,0.930000007152557,8.39000034332275
8053475328,2918,5/4/2016,14581,1220,123,8,89,0,1.9099999666214,0.400000005960464,8.81999969482422
8053475328,2950,5/5/2016,14990,1208,130,9,93,0,2.21000003814697,0.449999988079071,8.85000038146973
8053475328,2859,5/6/2016,13953,1245,90,15,90,0,1.21000003814697,0.689999997615814,9.10000038146973
8053475328,3331,5/7/2016,19769,1076,148,20,121,0,2.34999990463257,0.879999995231628,12.4399995803833
8053475328,3589,5/8/2016,22026,1073,228,14,125,0,3.66000008583069,0.589999973773956,13.3999996185303
8053475328,2765,5/9/2016,12465,1214,148,12,66,0,2.69000005722046,0.569999992847443,6.11999988555908
8053475328,2926,5/10/2016,14810,1219,115,10,96,0,1.85000002384186,0.419999986886978,9.09000015258789
8053475328,2809,5/11/2016,12209,1189,184,7,60,0,3.03999996185303,0.280000001192093,6.07999992370605
8053475328,1505,5/12/2016,4998,839,39,4,28,0,0.759999990463257,0.200000002980232,2.95000004768372
8253242879,2044,4/12/2016,9033,1244,154,2,40,0,1.5900000333786,0.140000000596046,5.42999982833862
8253242879,1935,4/13/2016,8053,1298,96,11,35,0,1.30999994277954,0.629999995231628,4.17000007629395
8253242879,1705,4/14/2016,5234,1362,33,16,29,0,0.540000021457672,0.990000009536743,1.92999994754791
8253242879,1632,4/15/2016,2672,1335,105,0,0,0,1.75999999046326,0,0
8253242879,1880,4/16/2016,9256,1268,115,51,6,0,2.45000004768372,3.26999998092651,0.430000007152557
8253242879,2112,4/17/2016,10204,1237,157,5,41,0,2.32999992370605,0.150000005960464,5.42999982833862
8253242879,1829,4/18/2016,5151,1278,130,16,16,0,1.79999995231628,0.629999995231628,1.03999996185303
8253242879,1763,4/19/2016,4212,1276,164,0,0,0,2.77999997138977,0,0
8253242879,1931,4/20/2016,6466,1201,216,18,5,0,3.10999989509583,0.819999992847443,0.330000013113022
8253242879,2218,4/21/2016,11268,1199,172,20,49,0,1.75,0.930000007152557,5.88000011444092
8253242879,1651,4/22/2016,2824,1320,120,0,0,0,1.87000000476837,0,0
8253242879,2132,4/23/2016,9282,1193,191,26,30,0,3.13000011444092,1.03999996185303,2.08999991416931
8253242879,1976,4/24/2016,8905,1313,82,4,41,0,1.3400000333786,0.189999997615814,5.59999990463257
8253242879,1909,4/25/2016,6829,1261,118,54,7,0,1.76999998092651,2.39000010490417,0.360000014305115
8253242879,1813,4/26/2016,4562,1299,108,14,19,0,1.37000000476837,0.490000009536743,1.17999994754791
8253242879,2008,4/27/2016,10232,1286,104,5,45,0,1.70000004768372,0.230000004172325,6.23999977111816
8253242879,1580,4/28/2016,2718,1393,20,16,11,0,0.340000003576279,0.779999971389771,0.670000016689301
8253242879,1854,4/29/2016,6260,1257,136,14,16,0,2.40000009536743,0.540000021457672,1.28999996185303
8253242879,0,4/30/2016,0,1440,0,0,0,0,0,0,0
8378563200,3635,4/12/2016,7626,723,156,15,65,0,4.5,0.709999978542328,0.829999983310699
8378563200,4079,4/13/2016,12386,680,169,14,116,0,4.21000003814697,0.649999976158142,4.96000003814697
8378563200,4163,4/14/2016,13318,699,174,21,123,0,3.91000008583069,1.02999997138977,5.61999988555908
8378563200,3666,4/15/2016,14461,729,190,23,60,0,5.40999984741211,1.14999997615814,4.90999984741211
8378563200,3363,4/16/2016,11207,563,142,21,64,0,2.44000005722046,1.07000005245209,5.36999988555908
8378563200,2572,4/17/2016,2132,599,93,0,0,0,1.69000005722046,0,0
8378563200,4157,4/18/2016,13630,720,174,10,117,0,5.19999980926514,0.560000002384186,5.05000019073486
8378563200,4092,4/19/2016,13070,737,154,19,120,0,4.17999982833862,0.879999995231628,5.30000019073486
8378563200,3787,4/20/2016,9388,763,169,8,82,0,4.78000020980835,0.439999997615814,2.23000001907349
8378563200,4236,4/21/2016,15148,677,145,16,137,0,4.28999996185303,0.819999992847443,6.90000009536743
8378563200,4044,4/22/2016,12200,769,159,12,113,0,4.17999982833862,0.589999973773956,4.90999984741211
8378563200,2908,4/23/2016,5709,740,136,10,19,0,2.48000001907349,0.519999980926514,1.51999998092651
8378563200,2741,4/24/2016,3703,734,135,0,0,0,2.94000005722046,0,0
8378563200,4005,4/25/2016,12405,692,141,16,117,0,3.92000007629395,0.870000004768372,5.05000019073486
8378563200,3763,4/26/2016,16208,593,161,18,90,0,4.42000007629395,0.920000016689301,7.51000022888184
8378563200,3061,4/27/2016,7359,676,192,4,4,0,5.32999992370605,0.180000007152557,0.330000013113022
8378563200,2884,4/28/2016,5417,711,139,10,11,0,2.91000008583069,0.490000009536743,0.899999976158142
8378563200,2982,4/29/2016,6175,767,172,7,3,0,4.26999998092651,0.360000014305115,0.25
8378563200,2660,4/30/2016,2946,780,121,0,0,0,2.33999991416931,0,0
8378563200,3369,5/1/2016,11419,669,127,10,71,0,2.47000002861023,0.560000002384186,6.03000020980835
8378563200,3491,5/2/2016,6064,802,142,4,63,0,4.01000022888184,0.170000001788139,0.629999995231628
8378563200,3784,5/3/2016,8712,822,195,20,71,0,4.5,1.05999994277954,1.3400000333786
8378563200,3110,5/4/2016,7875,680,167,10,19,0,4.19999980926514,0.490000009536743,1.55999994277954
8378563200,3783,5/5/2016,8567,764,214,3,66,0,5.73999977111816,0.159999996423721,0.889999985694885
8378563200,3644,5/6/2016,7045,831,166,5,74,0,3.77999997138977,0.25,1.54999995231628
8378563200,2799,5/7/2016,4468,851,158,0,0,0,3.53999996185303,0,0
8378563200,2685,5/8/2016,2943,621,139,0,0,0,2.32999992370605,0,0
8378563200,3721,5/9/2016,8382,772,171,13,71,0,4.71999979019165,0.660000026226044,1.26999998092651
8378563200,3586,5/10/2016,6582,840,152,13,63,0,3.92000007629395,0.639999985694885,0.660000026226044
8378563200,3788,5/11/2016,9143,763,184,10,72,0,5.26999998092651,0.589999973773956,1.38999998569489
8378563200,1976,5/12/2016,4561,433,102,6,8,0,2.69000005722046,0.270000010728836,0.649999976158142
8583815059,2650,4/12/2016,5014,1237,196,7,0,0,3.57999992370605,0.330000013113022,0
8583815059,2654,4/13/2016,5571,1252,163,23,2,0,3.23000001907349,0.970000028610229,0.150000005960464
8583815059,2443,4/14/2016,3135,1306,134,0,0,0,2.4300000667572,0,0
8583815059,2505,4/15/2016,3430,1375,65,0,0,0,0.899999976158142,0,0
8583815059,2693,4/16/2016,5319,1440,0,0,0,0,0,0,0
8583815059,2439,4/17/2016,3008,1440,0,0,0,0,0,0,0
8583815059,2536,4/18/2016,3864,1309,105,22,4,0,1.35000002384186,1.05999994277954,0.310000002384186
8583815059,2668,4/19/2016,5697,1257,166,10,7,0,3.44000005722046,0.479999989271164,0.529999971389771
8583815059,2647,4/20/2016,5273,1246,167,27,0,0,3.0699999332428,1.03999996185303,0
8583815059,2883,4/21/2016,8538,1229,158,18,35,0,3.00999999046326,1.01999998092651,2.63000011444092
8583815059,2944,4/22/2016,8687,1170,212,54,4,0,4.07999992370605,2.41000008583069,0.28999999165535
8583815059,3012,4/23/2016,9423,1151,238,44,7,0,4.75,2.02999997138977,0.529999971389771
8583815059,2889,4/24/2016,8286,1188,206,44,2,0,4.26999998092651,2.04999995231628,0.150000005960464
8583815059,2547,4/25/2016,4503,1294,122,6,18,0,1.80999994277954,0.239999994635582,1.47000002861023
8583815059,3093,4/26/2016,10499,1134,214,91,1,0,3.89000010490417,4.21999979019165,0.0700000002980232
8583815059,3142,4/27/2016,12474,1229,129,5,77,0,2.86999988555908,0.270000010728836,6.59999990463257
8583815059,2757,4/28/2016,6174,1209,203,28,0,0,3.60999989509583,1.20000004768372,0
8583815059,3513,4/29/2016,15168,1069,258,67,46,0,4.92000007629395,3,3.90000009536743
8583815059,3164,4/30/2016,10085,1093,317,28,2,0,6.42999982833862,1.27999997138977,0.150000005960464
8583815059,2596,5/1/2016,4512,1311,117,2,10,0,2.03999996185303,0.119999997317791,0.779999971389771
8583815059,2894,5/2/2016,8469,1440,0,0,0,0,0,0,0
8583815059,3212,5/3/2016,12015,1440,0,0,0,0,0,0,0
8583815059,2516,5/4/2016,3588,1440,0,0,0,0,0,0,0
8583815059,3266,5/5/2016,12427,1370,70,0,0,0,1.17999994754791,0,0
8583815059,2683,5/6/2016,5843,1250,166,22,2,0,3.23000001907349,1.19000005722046,0.140000000596046
8583815059,2810,5/7/2016,6117,1190,250,0,0,0,4.76999998092651,0,0
8583815059,2940,5/8/2016,9217,1183,182,72,3,0,3.66000008583069,3.30999994277954,0.219999998807907
8583815059,2947,5/9/2016,9877,1260,110,4,66,0,1.73000001907349,0.170000001788139,5.76000022888184
8583815059,2846,5/10/2016,8240,1226,162,43,9,0,3.72000002861023,2.00999999046326,0.689999997615814
8583815059,2804,5/11/2016,8701,1106,177,71,5,0,3.17000007629395,3.24000000953674,0.370000004768372
8583815059,0,5/12/2016,0,1440,0,0,0,0,0,0,0
8792009665,2044,4/12/2016,2564,831,116,0,0,0,1.63999998569489,0,0
8792009665,1934,4/13/2016,1320,806,82,0,0,0,0.839999973773956,0,0
8792009665,1963,4/14/2016,1219,853,84,0,0,0,0.779999971389771,0,0
8792009665,2009,4/15/2016,2483,937,126,0,0,0,1.5900000333786,0,0
8792009665,1721,4/16/2016,244,1428,12,0,0,0,0.159999996423721,0,0
8792009665,1688,4/17/2016,0,1440,0,0,0,0,0,0,0
8792009665,1688,4/18/2016,0,1440,0,0,0,0,0,0,0
8792009665,1688,4/19/2016,0,1440,0,0,0,0,0,0,0
8792009665,2188,4/20/2016,3147,744,139,10,0,0,1.74000000953674,0.280000001192093,0
8792009665,1720,4/21/2016,144,1431,9,0,0,0,0.0900000035762787,0,0
8792009665,2419,4/22/2016,4068,817,195,20,1,0,2.26999998092651,0.280000001192093,0.0500000007450581
8792009665,2748,4/23/2016,5245,795,232,45,8,0,2.75,0.439999997615814,0.159999996423721
8792009665,1799,4/24/2016,400,1410,19,8,3,0,0.159999996423721,0.0500000007450581,0.0399999991059303
8792009665,1688,4/25/2016,0,1440,0,0,0,0,0,0,0
8792009665,1928,4/26/2016,1321,1360,80,0,0,0,0.850000023841858,0,0
8792009665,2067,4/27/2016,1758,900,112,0,0,0,1.12999999523163,0,0
8792009665,2780,4/28/2016,6157,714,310,0,0,0,3.94000005722046,0,0
8792009665,3101,4/29/2016,8360,634,380,14,6,0,4.92999982833862,0.280000001192093,0.140000000596046
8792009665,2896,4/30/2016,7174,749,301,20,10,0,3.91000008583069,0.360000014305115,0.330000013113022
8792009665,1962,5/1/2016,1619,834,79,0,0,0,1.03999996185303,0,0
8792009665,2015,5/2/2016,1831,916,101,0,0,0,1.16999995708466,0,0
8792009665,2297,5/3/2016,2421,739,156,0,0,0,1.54999995231628,0,0
8792009665,2067,5/4/2016,2283,848,129,0,0,0,1.46000003814697,0,0
8792009665,1688,5/5/2016,0,1440,0,0,0,0,0,0,0
8792009665,1688,5/6/2016,0,1440,0,0,0,0,0,0,0
8792009665,1688,5/7/2016,0,1440,0,0,0,0,0,0,0
8792009665,1688,5/8/2016,0,1440,0,0,0,0,0,0,0
8792009665,1688,5/9/2016,0,1440,0,0,0,0,0,0,0
8792009665,57,5/10/2016,0,48,0,0,0,0,0,0,0
8877689391,3921,4/12/2016,23186,1036,312,7,85,0,7.82000017166138,0.340000003576279,12.2200002670288
8877689391,3566,4/13/2016,15337,1098,216,18,108,0,5.6399998664856,0.379999995231628,3.54999995231628
8877689391,3793,4/14/2016,21129,1061,298,13,68,0,7.75,0.589999973773956,10.5500001907349
8877689391,3934,4/15/2016,13422,1052,281,1,106,0,7.01000022888184,0.0500000007450581,0.0500000007450581
8877689391,4547,4/16/2016,29326,888,429,29,94,0,10.710000038147,1.21000003814697,13.2399997711182
8877689391,3545,4/17/2016,15118,1060,307,15,58,0,8.78999996185303,0.0700000002980232,0
8877689391,2761,4/18/2016,11423,1215,191,5,29,0,5.94000005722046,0.270000010728836,2.44000005722046
8877689391,3676,4/19/2016,18785,1131,214,13,82,0,5.03000020980835,0.180000007152557,12.1499996185303
8877689391,3679,4/20/2016,19948,1123,225,19,73,0,6.34000015258789,0.689999997615814,11.0200004577637
8877689391,3659,4/21/2016,19377,1119,226,13,82,0,4.8899998664856,0.419999986886978,12.289999961853
8877689391,3427,4/22/2016,18258,1141,236,2,61,0,5.96999979019165,0.0299999993294477,10.2299995422363
8877689391,3891,4/23/2016,11200,1032,300,6,102,0,7.40000009536743,0,0
8877689391,3455,4/24/2016,16674,1148,227,1,64,0,4.69000005722046,0.00999999977648258,11.0100002288818
8877689391,3802,4/25/2016,12986,1101,218,8,113,0,6.26999998092651,0.0700000002980232,2.36999988555908
8877689391,2860,4/26/2016,11101,1157,258,3,22,0,6.5,0.129999995231628,1.75999999046326
8877689391,3808,4/27/2016,23629,1104,235,8,93,0,7.09999990463257,0.439999997615814,13.0699996948242
8877689391,3060,4/28/2016,14890,1143,231,8,58,0,5.96999979019165,0.379999995231628,4.92999982833862
8877689391,2698,4/29/2016,9733,1207,210,5,18,0,5.78999996185303,0.170000001788139,1.37999999523163
8877689391,4398,4/30/2016,27745,1089,223,4,124,0,4.92999982833862,0.0799999982118607,21.6599998474121
8877689391,2786,5/1/2016,10930,1226,166,12,36,0,4.57000017166138,0.569999992847443,3.13000011444092
8877689391,2189,5/2/2016,4790,1335,105,0,0,0,3.55999994277954,0,0
8877689391,2817,5/3/2016,10818,1189,229,3,19,0,6.67000007629395,0.100000001490116,1.38999998569489
8877689391,3477,5/4/2016,18193,1154,212,8,66,0,5.53000020980835,0.310000002384186,10.4200000762939
8877689391,3052,5/5/2016,14055,1170,188,15,67,0,4.36999988555908,0.819999992847443,5.46000003814697
8877689391,4015,5/6/2016,21727,1095,232,17,96,0,6.15999984741211,0.28999999165535,12.789999961853
8877689391,4142,5/7/2016,12332,1036,271,28,105,0,6.98999977111816,0.959999978542328,0.0799999982118607
8877689391,2847,5/8/2016,10686,1174,245,4,17,0,6.80000019073486,0.200000002980232,1.08000004291534
8877689391,3710,5/9/2016,20226,1131,217,19,73,0,6.23999977111816,0.800000011920929,11.1000003814697
8877689391,2832,5/10/2016,10733,1187,224,11,18,0,6.28000020980835,0.46000000834465,1.35000002384186
8877689391,3832,5/11/2016,21420,1127,213,12,88,0,5.8899998664856,0.409999996423721,13.2200002670288
8877689391,1849,5/12/2016,8064,770,137,1,23,0,4.25,0.0399999991059303,1.82000005245209
